id,title,description,link,image_link,availability,price,google_product_category,brand,gtin,mpn,identifier_exists,condition,item_group_id
340724,"POLVO TRANSLUCIDO FEELS","El polvo translucido tiene un acabado matte, una textura ultrafina y ligera que disimula pequeñas imperfecciones, dejando la piel seca y libre de grasa. ¡Se adapta a todos los tonos de piel. **Libre de crueldad animal**",http://local.holy.com/tienda/polvo-translucido-feels/?utm_source=Google%20Shopping&amp;utm_campaign=GOOGLE%20FEED&amp;utm_medium=cpc&amp;utm_term=340724,http://local.holy.com/wp-content/uploads/2020/09/Polvo-translucido-feels-By-ruby-rose-Holy-cosmetics.jpg,"in stock","COP 16000.00",491,,,,no,New,
340216,"AGUA MICELAR GARNIER EXPRESS ACLARA 400ML","El agua micelar te ayudar en tu limpieza facial y se convertirá en tu favorita, no irrita y está libre de perfume y parabenos. Contiene vitamina C para disminuir con el uso las manchas en el rostro.  Remueve impurezas y maquillaje  Ideal para todo tipo de piel.  No irrita. Libre de perfume y parabenos. Gracias a la tecnología micelar de su fórmula, captura las impurezas como un imán. **Lava el rostro después de su uso**",http://local.holy.com/tienda/agua-micelar-garnier-express-aclara-400ml/?utm_source=Google%20Shopping&amp;utm_campaign=GOOGLE%20FEED&amp;utm_medium=cpc&amp;utm_term=340216,http://local.holy.com/wp-content/uploads/2020/09/Agua-micelar-de-garnier-express-aclara-400-ml-Holy-cosmetics.jpg,"in stock","COP 28000.00",491,,,,no,New,
340208,"CORRECTOR PERFECT SILKY","Corrector de ojeras B10 perfect silky Beauty Glazed Textura profesional, totalmente matte. Cobertura: ultra alta, ideal para todo tipo de piel. Fácil difuminado con brocha o esponja. Como primer de ojos también es un excelente producto y funciona como los productos de alta gama. Waterproof Perfecto para climas cálidos ya que su duración es de TODO el día sin cuartearse. ***Libre de crueldad animal***",http://local.holy.com/tienda/corrector-perfect-silky/?utm_source=Google%20Shopping&amp;utm_campaign=GOOGLE%20FEED&amp;utm_medium=cpc&amp;utm_term=340208,http://local.holy.com/wp-content/uploads/2020/09/Corrector-perfect-silky-Beauty-glazed-Holy-cosmetics.jpg,"in stock","COP 12000.00",491,,,,no,New,
340187,"PRIMER FINE CON COLAGENO","Consigue un acabado uniforme y por mas tiempo en tu maquillaje con el Primer fine con colageno y elastina By Kiss Beauty. Matifica, hidrata,fija y reduce la apariencia de los poros. Formula en gel ligera. Perfecto para todo tipo de piel. *Libre de crueldad animal* ",http://local.holy.com/tienda/primer-fine-con-colageno/?utm_source=Google%20Shopping&amp;utm_campaign=GOOGLE%20FEED&amp;utm_medium=cpc&amp;utm_term=340187,http://local.holy.com/wp-content/uploads/2020/09/Primer-fine-con-colageno-Holy-cosmetics.jpg,"in stock","COP 20000.00",491,,,,no,New,
340177,"PESTAÑINA LASH  SENSATIONAL WATERPROOF","¿Sabías que tus pestañas crecen en mas de una capa? Esta máscara despliega capa a capa tus pestañas y crea un efecto abanico. La fórmula líquida fresca de esta mascara a prueba de agua captura las pestañas de la raíz a la punta para crear un efecto de abanico abierto sensacional.",http://local.holy.com/tienda/pestanina-lash-sensational-waterproof/?utm_source=Google%20Shopping&amp;utm_campaign=GOOGLE%20FEED&amp;utm_medium=cpc&amp;utm_term=340177,http://local.holy.com/wp-content/uploads/2020/09/Pestañina-lash-sensational-waterproof-Holy-cosmetics.jpg,"in stock","COP 32000.00",491,,,,no,New,
340163,"PRIMER SPRAY","El primer spray by ushas ofrece hidratacion profunda y largan duracion al maquillaje, prepara la superficie de tu piel para cualquier tipo de producto. Ideal para todo tipo de piel. Formula ligera. **Libre de crueldad animal**",http://local.holy.com/tienda/primer-spray/?utm_source=Google%20Shopping&amp;utm_campaign=GOOGLE%20FEED&amp;utm_medium=cpc&amp;utm_term=340163,http://local.holy.com/wp-content/uploads/2020/09/Primer-spray-by-ushas-Holy-cosmetics.jpg,"in stock","COP 16000.00",491,,,,no,New,
340157,"FIJADOR MAKE UP SETTING SPRAY","Ideal para lograr un efecto más duradero en tu look, lo mejor es que sus componente brindan  un acabado matte. Ideal para todo tipo de piel. Matifica. Prolonga la duración del maquillaje. ***Libre de crueldad animal***",http://local.holy.com/tienda/fijador-make-up-setting-spray/?utm_source=Google%20Shopping&amp;utm_campaign=GOOGLE%20FEED&amp;utm_medium=cpc&amp;utm_term=340157,http://local.holy.com/wp-content/uploads/2020/09/Fijador-make-up-setting-spray-ushas-Holy-cosmetics.jpg,"in stock","COP 16000.00",491,,,,no,New,
340145,"SOMBRA NOTEBOOK 03 MARRON","La sombra COLOR NOTEBOOK By Novo es una combinación perfecta para recrear tus mejores looks de día o noche . 3 Tonos matte. 5 Tonos satinados. 1 Glitter. Alta pigmentación, calidad profesional. *Libre de crueldad animal*",http://local.holy.com/tienda/sombra-notebook-03-marron/?utm_source=Google%20Shopping&amp;utm_campaign=GOOGLE%20FEED&amp;utm_medium=cpc&amp;utm_term=340145,http://local.holy.com/wp-content/uploads/2020/09/Sombra-novo-notebook-marron-03-Holy-cosmetics.jpg,"in stock","COP 25000.00",491,,,,no,New,
340132,"SOMBRA NOTEBOOK 01 NUDE","La sombra COLOR NOTEBOOK By Novo es una combinación perfecta para recrear tus mejores looks de día o noche . 6 Tonos matte. 2 Tonos satinados. 1 Glitter. Alta pigmentación, calidad profesional. *Libre de crueldad animal*",http://local.holy.com/tienda/sombra-notebook-01-nude/?utm_source=Google%20Shopping&amp;utm_campaign=GOOGLE%20FEED&amp;utm_medium=cpc&amp;utm_term=340132,http://local.holy.com/wp-content/uploads/2020/09/Sombra-notebook-novo-01-nude-Holy-cosmetics.jpg,"in stock","COP 25000.00",491,,,,no,New,
340121,"BROW STYLING SOAP (JABÓN PARA CEJAS)","Las llamadas  soap brows  o  cejas de jabón son la nueva tendencia de belleza y este producto es perfecto para lograr este efecto en tus cejas. Ideal para crear tu look con cejas orgánicas. Incluye cepillo aplicador. **Libre de crueldad animal**",http://local.holy.com/tienda/brow-styling-soap-jabon-para-cejas/?utm_source=Google%20Shopping&amp;utm_campaign=GOOGLE%20FEED&amp;utm_medium=cpc&amp;utm_term=340121,http://local.holy.com/wp-content/uploads/2020/09/Brow-styling-soap-ucanbe-Holy-cosmetics.jpg,"in stock","COP 15000.00",491,,,,no,New,
340115,"FIJADOR MAKE UP FIX SPRAY","El fijador make up fix By Kiss Beauty  un spray que se usa a modo de laca para el rostro, ya que consigue fijarlo en la piel para que quede impecable sin importar el paso de las horas. Ideal para todo tipo de piel. Matifica. Prolonga la duración del maquillaje. **Este producto es enviado en cualquiera de estas (tres presentaciones)** ***Libre de crueldad animal***",http://local.holy.com/tienda/fijador-make-up-fix-spray/?utm_source=Google%20Shopping&amp;utm_campaign=GOOGLE%20FEED&amp;utm_medium=cpc&amp;utm_term=340115,http://local.holy.com/wp-content/uploads/2020/09/Make-up-fix-spray-kiss-beauty-fijador-Holy-cosmetics.jpg,"in stock","COP 20000.00",491,,,,no,New,
337633,"AGUA MICELAR GARNIER SKINACTIVE 400ML","El Agua Micelar Clásica de Garnier es un limpiador suave que extrae la suciedad y las impurezas sin secar la piel. Indicada para todo tipo de pieles, incluyendo las sensibles. Elimina sin esfuerzo el maquillaje y extrae la suciedad de rostro, labios y ojos en un solo gesto y sin aclarado. Gracias a la tecnología micelar de su fórmula, captura las impurezas como un imán. Sin perfume , Sin parabenos.**Lava el rostro después de su uso**",http://local.holy.com/tienda/agua-micelar-garnier-skinactive-400ml/?utm_source=Google%20Shopping&amp;utm_campaign=GOOGLE%20FEED&amp;utm_medium=cpc&amp;utm_term=337633,http://local.holy.com/wp-content/uploads/2020/09/Agua-micelar-todo-en-1-garnier-skin-active-Holy-cosmetics.jpg,"in stock","COP 26000.00",491,,,,no,New,
337352,"PALETA FACE KIT BUTTERFLY","La paleta de mariposas Ruby Rose Face Kit Butterfly  fue creada especialmente para aquellos que aman maquillarse bien y crear un look increíble. Esta paleta tiene opciones de 2iluminador, 2rubor y 2contorno. **Libre de crueldad**",http://local.holy.com/tienda/paleta-face-kit-butterfly/?utm_source=Google%20Shopping&amp;utm_campaign=GOOGLE%20FEED&amp;utm_medium=cpc&amp;utm_term=337352,http://local.holy.com/wp-content/uploads/2020/09/paleta-butterfly-ruby-rose-Holy-cosmetics.jpg,"in stock","COP 18000.00",491,,,,no,New,
337324,"SOMBRA SOFT NUDE PALETTE","La paleta soft nude By ruby rose es la combinación perfecta para recrear tus mejores looks de día o de noche. Incluye 18 tonos en total. 1Corrector que funciona muy bien como primer de sombras. 10 Tonos matte. 5 Tonos satinados. 2 Glitter. Alta pigmentación  **Libre de crueldad animal**",http://local.holy.com/tienda/sombra-soft-nude-palette/?utm_source=Google%20Shopping&amp;utm_campaign=GOOGLE%20FEED&amp;utm_medium=cpc&amp;utm_term=337324,http://local.holy.com/wp-content/uploads/2020/09/Sombra-soft-nude-palette-Ruby-rose-Holy-cosmetics.jpg,"in stock","COP 32000.00",491,,,,no,New,
270402,"EXTRACTOR DE PUNTOS NEGROS HOLY CON SPRAY DE MICRONIZACIÓN","Extractor facial Holy  con spray de micronización es un elemento esencial para mantener tu rostro siempre limpio, retira todas las impurezas de tu rostro y a la vez hidrata durante el proceso  con agua, agua de rosas o de hamamelis, sera tu aliado perfecto para cuidar tu piel. ¡Cuida tu piel!",http://local.holy.com/tienda/extractor-puntos-negros-holy-con-spray-de-micronizacion/?utm_source=Google%20Shopping&amp;utm_campaign=GOOGLE%20FEED&amp;utm_medium=cpc&amp;utm_term=270402,http://local.holy.com/wp-content/uploads/2020/08/Extractor-con-spray-de-micronizacion-Holy-cosmetics.jpg,"in stock","COP 70000.00",491,,,,no,New,
337085,"BROCHA PARA MASCARILLA HOLY","La brocha para mascarilla HOLY cuenta con un pincel en goma para aplicación facial y corporal de bases liquidas, mascarillas, ácidos, cremas y maquillaje en general, mango de plastico,   aplicador de silicona, esto permite que sea mas higiénico y no desperdicies producto ya que no absorbe, permite una cobertura uniforme y acceso a lugares difíciles. *Este producto es enviado según disponibilidad de color*",http://local.holy.com/tienda/brocha-para-mascarilla-holy/?utm_source=Google%20Shopping&amp;utm_campaign=GOOGLE%20FEED&amp;utm_medium=cpc&amp;utm_term=337085,http://local.holy.com/wp-content/uploads/2020/09/Brochas-para-mascarilla-holy-Holy-cosmetics.jpg,"in stock","COP 6000.00",491,,,,no,New,
336862,"PESTAÑINA TRÓPICO CURL & VOLUME VERDE","Esta pestañina brindará pestañas curvas y con mas volumen. Su cepillo es curvo con cerdas más gruesas resistentes que darán ese volumen y curva que siempre has deseado. *Libre de crueldad animal*",http://local.holy.com/tienda/pestanina-tropico-curl-volume-verde/?utm_source=Google%20Shopping&amp;utm_campaign=GOOGLE%20FEED&amp;utm_medium=cpc&amp;utm_term=336862,http://local.holy.com/wp-content/uploads/2020/09/Pestañina-tropico-currl-y-volume-ruby-rose-Holy-cosmetics.jpg,"in stock","COP 13000.00",491,,,,no,New,
336837,"PRIMER FACIAL SKIN PERFECT","Con El primer facial Skin Perfect de Ruby Rose, tendrás una piel perfecta por más tiempo! El primer facial tiene una textura de silicona, suaviza la piel, minimiza los poros, matifica y ayuda a la durabilidad del maquillaje. **Libre de crueldad animal**",http://local.holy.com/tienda/primer-facial-skin-perfect/?utm_source=Google%20Shopping&amp;utm_campaign=GOOGLE%20FEED&amp;utm_medium=cpc&amp;utm_term=336837,http://local.holy.com/wp-content/uploads/2020/09/Primer-facial-skin-perfect-Holy-cosmetics-1.jpg,"in stock","COP 16000.00",491,,,,no,New,
336648,"PESTAÑINA TRÓPICO VOLUME EXTENTION SALMON","Esta pestañina brindará volumen extremo como extensión a tus pestañas. Su cepillo es recto con cerdas más gruesas resistentes que darán ese volumen y largo que siempre has deseado. *Libre de crueldad animal*",http://local.holy.com/tienda/pestanina-tropico-volume-extention-salmon/?utm_source=Google%20Shopping&amp;utm_campaign=GOOGLE%20FEED&amp;utm_medium=cpc&amp;utm_term=336648,http://local.holy.com/wp-content/uploads/2020/09/Pestañina-tropico-volume-extention-Holy-cosmetics.jpg,"in stock","COP 13000.00",491,,,,no,New,
336640,"PESTAÑINA TRÓPICO CURVA & VOLUME NUDE","Esta pestañina brindará volumen extremo y rizo a tus pestañas. Su cepillo es recto con cerdas más delgadas pero resistentes que darán ese volumen y rizo que siempre has deseado. *Libre de crueldad animal*",http://local.holy.com/tienda/pestanina-tropico-curva-volume-nude/?utm_source=Google%20Shopping&amp;utm_campaign=GOOGLE%20FEED&amp;utm_medium=cpc&amp;utm_term=336640,http://local.holy.com/wp-content/uploads/2020/09/Pestañina-tropico-curvas-volume-Holy-cosmetics.jpg,"in stock","COP 13000.00",491,,,,no,New,
336148,"BALACA MOÑO","La balaca de moño está hecha de terciopelo suave y fino para aportar más comodidad en tu cabeza y garantizar la transpirabilidad al llevarla. Ideal para usarla en tu rutina de cuidado facial o mientras te maquillas. ESTE PRODUCTO ES ENVIADO SEGÚN DISPONIBILIDAD DE COLOR.",http://local.holy.com/tienda/balaca-mono/?utm_source=Google%20Shopping&amp;utm_campaign=GOOGLE%20FEED&amp;utm_medium=cpc&amp;utm_term=336148,http://local.holy.com/wp-content/uploads/2020/09/Balaca-moñito-Holy-cosmetics.jpg,"in stock","COP 12000.00",491,,,,no,New,
336141,"BALACA CONEJO","La balaca de conejo está hecha de terciopelo suave y fino para aportar más comodidad en tu cabeza y garantizar la transpirabilidad al llevarla. Ideal para usarla en tu rutina de cuidado facial o mientras te maquillas. ESTE PRODUCTO ES ENVIADO SEGÚN DISPONIBILIDAD DE COLOR.",http://local.holy.com/tienda/balaca-conejo/?utm_source=Google%20Shopping&amp;utm_campaign=GOOGLE%20FEED&amp;utm_medium=cpc&amp;utm_term=336141,http://local.holy.com/wp-content/uploads/2020/09/Balaca-conejo-2020-Holy-cosmetics.jpg,"in stock","COP 12000.00",491,,,,no,New,
270314,"LAMPARA DE UÑAS 54W HOLY","La lampara para uñas es actualmente un instrumento indispensable para hacer tus uñas favoritas en materiales que requieran de la luz de la lampara paras ser curados. Este lindo diseño lo hemos creado para ti, efecto espejo rosa 36 LED`S Ubicados estrategicamente para un secado rápido. 4 Modos de tiempos opcionales. Sensor infrarojo.  ",http://local.holy.com/tienda/lampara-de-unas-54w-holy/?utm_source=Google%20Shopping&amp;utm_campaign=GOOGLE%20FEED&amp;utm_medium=cpc&amp;utm_term=270314,http://local.holy.com/wp-content/uploads/2020/05/Lampara-para-uñas-54w-Holy-cosmetics.jpg,"in stock","COP 110000.00",491,,,,no,New,
270313,"LAMPARA DE UÑAS 48W HOLY","La lampara para uñas es actualmente un instrumento indispensable para hacer tus uñas favoritas en materiales que requieran de la luz de la lampara paras ser curados. Este lindo diseño lo hemos creado para ti, efecto espejo rosa 24 LED`S Ubicados estrategicamente para un secado rápido. 4 Modos de tiempos opcionales. Sensor infrarojo.  ",http://local.holy.com/tienda/lampara-de-unas-48w-holy/?utm_source=Google%20Shopping&amp;utm_campaign=GOOGLE%20FEED&amp;utm_medium=cpc&amp;utm_term=270313,http://local.holy.com/wp-content/uploads/2020/05/Lampara-de-48w-Holy-cosmetics.jpg,"in stock","COP 90000.00",491,,,,no,New,
331067,"EXFOLIANTE PARA LABIOS SUGAR KISS","Exfóliate los labios con Sugar Kiss , es una fórmula de azúcar real fusionada con aceite de frutas y manteca de Karité para dejar a un lado esos labios secos y escamosos, disponibles en 3 sabores diferentes,  vainilla, fresa o café . Dejaran los labios suaves y preparados para aplicar el labial o también para hidratar y limpiar luego de haber usado el labial. **ESTE PRODUCTO ES ENVIADO SEGÚN DISPONIBILIDAD DE COLOR** **Libre de crueldad animal**",http://local.holy.com/tienda/exfoliante-para-labios-sugar-kiss/?utm_source=Google%20Shopping&amp;utm_campaign=GOOGLE%20FEED&amp;utm_medium=cpc&amp;utm_term=331067,http://local.holy.com/wp-content/uploads/2020/08/Exfoliante-para-labios-sugar-kiss-kleancolor-Holy-cosmetics.jpg,"out of stock","COP 10000.00",491,,,,no,New,
331055,"POLVO SUELTO BANANA","El polvo suelto banana tiene un sub tono amarillo que se difumina por completo en la piel, NO se nota. Su cobertura es muy leve, su textura ultra fina te permitirán sellar el maquillaje y dar un perfecto y profesional acabado. Logra un efecto de terciopelo y es ideal para hacer técnicas de baking. Ideal para todo tipo de piel, no aporta color.  **Libre de crueldad animal**",http://local.holy.com/tienda/polvo-suelto-banana/?utm_source=Google%20Shopping&amp;utm_campaign=GOOGLE%20FEED&amp;utm_medium=cpc&amp;utm_term=331055,http://local.holy.com/wp-content/uploads/2020/08/polvo-suelto-banana-kleancolor-Holy-cosmetics.jpg,"in stock","COP 13000.00",491,,,,no,New,
331046,"PRIME & CHILL BEAUTY OIL","Este Espectacular Prime & Chill Beauty Oil , está compuesto de aceite de almendra, jojoba y girasol perfecto para preparar e hidratar la piel, dejándola sedosa y cuidada al mismo tiempo , ideal para usar como primer antes del maquillaje para tener un rostro húmedo y con textura suave o mezclándolo con base liquida para obtener resultados fabulosos en tu maquillaje con acabado natural. Otro de sus beneficios es “revivir” productos en crema que tengas secos u olvidados, con una gotica de éste producto revivirán y serán mucho más fácil de utilizar. Una vez lo pruebes te encantará el acabado que deja en la piel, y el maquillaje luciendo mucho mejor e intacto por más tiempo. **Libre de crueldad animal**",http://local.holy.com/tienda/prime-chill-beauty-oil/?utm_source=Google%20Shopping&amp;utm_campaign=GOOGLE%20FEED&amp;utm_medium=cpc&amp;utm_term=331046,http://local.holy.com/wp-content/uploads/2020/08/prime-chil-beauty-oil-kleancolor-Holy-cosmetics.jpg,"in stock","COP 15000.00",491,,,,no,New,
330315,"BROCHAS SUNSHINE","Set de brochas por 10 pcs. Las brochas sintéticas de dos tonos se pueden usar con líquidos, cremas y polvos para lograr una aplicación de maquillaje precisa, lo que le permite crear looks impecables que van desde lo sutil a lo llamativo. Brochas 100% libre de crueldad animal",http://local.holy.com/tienda/brochas-sunshine/?utm_source=Google%20Shopping&amp;utm_campaign=GOOGLE%20FEED&amp;utm_medium=cpc&amp;utm_term=330315,http://local.holy.com/wp-content/uploads/2020/08/Brochas-sunshine-con-cosmetiquera-Holy-cosmetics.jpg,"out of stock","COP 38000.00",491,,,,no,New,
329016,"SOMBRA PIÑA COLADA","La sombra piña colada by ruby rose esta diseñada para recrear tus looks favoritos. tonos tierra. 3 Tonos matte. 4 Tonos satinados. *Libre de crueldad animal*",http://local.holy.com/tienda/sombra-pina-colada/?utm_source=Google%20Shopping&amp;utm_campaign=GOOGLE%20FEED&amp;utm_medium=cpc&amp;utm_term=329016,http://local.holy.com/wp-content/uploads/2020/08/Sombra-piña-colada-by-ruby-rose-Holy-cosmetics.jpg,"in stock","COP 24000.00",491,,,,no,New,
328996,"PLUMÓN DELINEADOR LÍQUIDO NEGRO","El delineador liquido esta diseñado para realizar trazos de cualquier tamaño de forma fácil y rápida gracias a su punta fina. *Libre de crueldad animal*",http://local.holy.com/tienda/plumon-delineador-liquido-negro/?utm_source=Google%20Shopping&amp;utm_campaign=GOOGLE%20FEED&amp;utm_medium=cpc&amp;utm_term=328996,http://local.holy.com/wp-content/uploads/2020/08/Plumon-delineador-liquido-negro-ruby-rose-Holy-cosmetics.jpg,"in stock","COP 11000.00",491,,,,no,New,
329002,"SOMBRA PINK LEMONADE","La sombra pink lemon es una combinación perfecta para recrear tus mejores looks. 2 Tonos matte. 5 Tonos satinados. *Libre de crueldad animal*",http://local.holy.com/tienda/sombra-pink-lemonade/?utm_source=Google%20Shopping&amp;utm_campaign=GOOGLE%20FEED&amp;utm_medium=cpc&amp;utm_term=329002,http://local.holy.com/wp-content/uploads/2020/08/Sombra-pink-lemon-by-ruby-rose-Holy-cosmetics.jpg,"in stock","COP 24000.00",491,,,,no,New,
328981,"PALETA CHEEK PLAY","La paleta cheek play es todo lo que necesitamos para lograr un look lindo. 1 Contorno. 3 Rubores. 1 Rubor satinado. 1Iluminador. *Libre de crueldad animal*",http://local.holy.com/tienda/paleta-cheek-play/?utm_source=Google%20Shopping&amp;utm_campaign=GOOGLE%20FEED&amp;utm_medium=cpc&amp;utm_term=328981,http://local.holy.com/wp-content/uploads/2020/08/Paleta-cheek-play-Holy-cosmetics.jpg,"in stock","COP 28000.00",491,,,,no,New,
328967,"PALETA CHEEK GLOW STUDIO","La paleta cheek glow studio esta diseñada especialmente para los amantes al maquillaje. 2 Iluminadores. 1 Rubor. 1 Contorno. **Libre de crueldad animal**",http://local.holy.com/tienda/paleta-cheek-glow-studio/?utm_source=Google%20Shopping&amp;utm_campaign=GOOGLE%20FEED&amp;utm_medium=cpc&amp;utm_term=328967,http://local.holy.com/wp-content/uploads/2020/08/Cheek-glow-studio-by-ruby-rose-Holy-cosmetics.jpg,"in stock","COP 22000.00",491,,,,no,New,
318044,"CREMA DESPIGMENTANTE","Los componentes de la Crema Despigmentante Pili, actúan sobre la piel dismuyendo y controlando la aparición de manchas oscuras causadas por hiperpigmentación, brindando una mejor apariencia y textura. Uso en : Codos. Rodilla. Axilas. entrepierna. Debe acompañarse con el uso de bloqueador solar, uso nocturno. *Libre de crueldad*",http://local.holy.com/tienda/crema-despigmentante/?utm_source=Google%20Shopping&amp;utm_campaign=GOOGLE%20FEED&amp;utm_medium=cpc&amp;utm_term=318044,http://local.holy.com/wp-content/uploads/2020/07/Crema-despigmentante-pili-Holy-cosmetics.jpg,"in stock","COP 30000.00",491,,,,no,New,
317858,"LAMPARA PARA UÑAS 36W ROSA","La lampara para uñas es actualmente un instrumento indispensable para hacer tus uñas favoritas en materiales que requieran de la luz de la lampara paras ser curados.",http://local.holy.com/tienda/lampara-para-unas-36w-rosa/?utm_source=Google%20Shopping&amp;utm_campaign=GOOGLE%20FEED&amp;utm_medium=cpc&amp;utm_term=317858,http://local.holy.com/wp-content/uploads/2020/07/lampara-de-36w-rosa-Holy-cosmetics.png,"in stock","COP 40000.00",491,,,,no,New,
317817,"LAMPARA PARA UÑAS 48W ROSA","La lampara para uñas es actualmente un instrumento indispensable para hacer tus uñas favoritas en materiales que requieran de la luz de la lampara paras ser curados.",http://local.holy.com/tienda/lampara-para-unas-48w-rosa/?utm_source=Google%20Shopping&amp;utm_campaign=GOOGLE%20FEED&amp;utm_medium=cpc&amp;utm_term=317817,http://local.holy.com/wp-content/uploads/2020/07/Lampara-sun-de-48w-rosa-Holy-cosmetics.jpg,"in stock","COP 80000.00",491,,,,no,New,
316888,"BANDITAS PARA PUNTOS NEGROS","La bandita para puntos negros, proporciona una limpieza profunda en el área de la nariz ya que esta diseñada para que en un solo paso puedas retirar todos los puntos negros e impurezas. Al usar la bandita podrás tener como resultado una piel limpia y suave, sentirás una gran diferencia después de un solo uso.Quedaras encantada con los resultados. *Libre de crueldad animal* ",http://local.holy.com/tienda/banditas-para-puntos-negros/?utm_source=Google%20Shopping&amp;utm_campaign=GOOGLE%20FEED&amp;utm_medium=cpc&amp;utm_term=316888,http://local.holy.com/wp-content/uploads/2020/07/Bandita-para-puntos-negros-dear-she-Holy-cosmetics.jpg,"in stock","COP 2000.00",491,,,,no,New,
316908,"MASCARILLA ORO CON COLAGENO","La mascarilla es antioxidante, tiene efecto rejuvenecedor contra las arrugas, ayuda a reparar y renovar la piel dando firmeza y luminosidad. Sus componentes ayudan a previene y retarda la aparición de arrugas, líneas de expresión y manchas en la piel también, combate los puntos negros dejando una apariencia clara y limpia. *Libre de crueldad animal* ",http://local.holy.com/tienda/mascarilla-oro-con-colageno/?utm_source=Google%20Shopping&amp;utm_campaign=GOOGLE%20FEED&amp;utm_medium=cpc&amp;utm_term=316908,http://local.holy.com/wp-content/uploads/2020/07/Mascarilla-oro-con-colageno-Holy-cosmetics.jpg,"in stock","COP 3000.00",491,,,,no,New,
315420,"LAMPARA PARA UÑAS 54W ROSA","La lampara para uñas es actualmente un instrumento indispensable para hacer tus uñas favoritas en materiales que requieran de la luz de la lampara paras ser curados.",http://local.holy.com/tienda/lampara-para-unas-54w-rosa/?utm_source=Google%20Shopping&amp;utm_campaign=GOOGLE%20FEED&amp;utm_medium=cpc&amp;utm_term=315420,http://local.holy.com/wp-content/uploads/2020/07/Lampara-de-54w-rosa-sun-Holy-cosmetics.jpg,"in stock","COP 100000.00",491,,,,no,New,
313787,"ACEITE PARA UÑAS","Este aceite ofrece una fórmula de máxima hidratación, es perfecto para tratar y suavizar zonas delicadas de la uña, como la cutícula. Usandolo diariamente aporará hidratación, protección y fortalecerá las uñas y las cutículas de manera excepcional. **Este producto se envía según disponibilidad de color**",http://local.holy.com/tienda/aceite-para-unas/?utm_source=Google%20Shopping&amp;utm_campaign=GOOGLE%20FEED&amp;utm_medium=cpc&amp;utm_term=313787,http://local.holy.com/wp-content/uploads/2020/07/Aceite-para-uñas-opi-Holy-cosmetics.jpg,"in stock","COP 5000.00",491,,,,no,New,
313146,"RUBOR NEW VIBE 05","Tonos marrones y marrones con un acabado brillante y opaco. **Libre de crueldad**",http://local.holy.com/tienda/rubor-new-vibe-05/?utm_source=Google%20Shopping&amp;utm_campaign=GOOGLE%20FEED&amp;utm_medium=cpc&amp;utm_term=313146,http://local.holy.com/wp-content/uploads/2020/07/Rubor-new-vibe-ruby-rose-tono-5-Holy-cosmetics.jpg,"in stock","COP 10000.00",491,,,,no,New,
313135,"RUBOR NEW VIBE 01","Tonos marrones oscuros y un tinte de vino con un acabado opaco. *Libre de crueldad*",http://local.holy.com/tienda/rubor-new-vibe-01/?utm_source=Google%20Shopping&amp;utm_campaign=GOOGLE%20FEED&amp;utm_medium=cpc&amp;utm_term=313135,http://local.holy.com/wp-content/uploads/2020/07/Rubor-new-vibe-ruby-rose-tono-1-Holy-cosmetics.jpg,"in stock","COP 10000.00",491,,,,no,New,
313123,"LAMPARA PARA UÑAS 120w","La lampara para uñas es actualmente un instrumento indispensable para hacer tus uñas favoritas en materiales que requieran de la luz de la lampara paras ser curados.",http://local.holy.com/tienda/lampara-para-unas-120w/?utm_source=Google%20Shopping&amp;utm_campaign=GOOGLE%20FEED&amp;utm_medium=cpc&amp;utm_term=313123,http://local.holy.com/wp-content/uploads/2020/07/Lampara-para-uñas-120w-Holy-cosmetics.jpg,"in stock","COP 160000.00",491,,,,no,New,
313119,"PALETA KIT HEART","La paleta de corazones Ruby Rose Face Kit fue creada especialmente para aquellos que aman maquillarse bien y crear un look increíble. Esta paleta tiene opciones de 1iluminador, 4rubor y 1contorno. **Libre de crueldad**",http://local.holy.com/tienda/paleta-kit-heart/?utm_source=Google%20Shopping&amp;utm_campaign=GOOGLE%20FEED&amp;utm_medium=cpc&amp;utm_term=313119,http://local.holy.com/wp-content/uploads/2020/07/Paleta-face-kit-hear-Ruby-rose-Holy-cosmetics.jpg,"in stock","COP 18000.00",491,,,,no,New,
313112,"ACEITE DE ALMENDRAS","El Aceite de Almendras Pili, por su poder emoliente, es un excelente humectante para todo el cuerpo, ayuda a suavizar las zonas más ásperas y a lubricar la piel. Es ideal para realizar masajes o para calmar la piel después de procesos como la depilación .",http://local.holy.com/tienda/aceite-de-almendras/?utm_source=Google%20Shopping&amp;utm_campaign=GOOGLE%20FEED&amp;utm_medium=cpc&amp;utm_term=313112,http://local.holy.com/wp-content/uploads/2020/07/Aceite-de-almendras-pili-Holy-cosmetics.jpg,"in stock","COP 16000.00",491,,,,no,New,
313103,"JABÓN DE CARBÓN ACTIVADO","Jabón de carbón activado Pili, es ideal para purificar tu piel y  realizar una limpieza profunda, ayuda a eliminar impurezas. Indicaciones: Usar máximo 2 veces por semana",http://local.holy.com/tienda/jabon-de-carbon-activado/?utm_source=Google%20Shopping&amp;utm_campaign=GOOGLE%20FEED&amp;utm_medium=cpc&amp;utm_term=313103,http://local.holy.com/wp-content/uploads/2020/07/Jabón-de-carbon-activado-pili-Holy-cosmetics.jpg,"in stock","COP 7000.00",491,,,,no,New,
312251,"CREMA CONTORNO DE OJOS","La Crema Contorno de ojos Khöl Cosmetics fue diseñada para humectar y revitalizar la zona del contorno de ojos; formulada especialmente con Colágeno, el cual brinda elasticidad, Extracto de Pepino que humecta profundamente y Aceite de Coco y Jojoba que ofrecen brillo y suavidad para evitar que el contorno de los ojos se vea reseco y cuarteado. *Libre de crueldad animal*",http://local.holy.com/tienda/crema-contorno-de-ojos/?utm_source=Google%20Shopping&amp;utm_campaign=GOOGLE%20FEED&amp;utm_medium=cpc&amp;utm_term=312251,http://local.holy.com/wp-content/uploads/2020/07/Contorno-de-ojos-khol-Holy-cosmetics.jpg,"in stock","COP 20000.00",491,,,,no,New,
312266,"CREMA FACIAL HIDRATANTE","La Crema facial hidratante Khöl Cosmetics es una fórmula rica en emolientes, extractos y aceites naturales que buscan hidratar tu piel, dejándola suave y tersa. Es perfecta para usar de día y de noche, antes de tu maquillaje al empezar tu día y antes del Suero facial  al acostarte. *Libre de crueldad animal* ",http://local.holy.com/tienda/crema-facial-hidratante/?utm_source=Google%20Shopping&amp;utm_campaign=GOOGLE%20FEED&amp;utm_medium=cpc&amp;utm_term=312266,http://local.holy.com/wp-content/uploads/2020/07/Crema-facial-hidratante-khol-Holy-cosmetics.jpg,"in stock","COP 20000.00",491,,,,no,New,
312273,"SUERO ANTIEDAD","El Suero Antiedad Khöl Cosmetics es perfecto para usar de día y de noche, ya que su fórmula es rápidamente absorbida y asimilada por la piel, sin dejar sensación grasosa. *Libre de crueldad animal*",http://local.holy.com/tienda/suero-antiedad/?utm_source=Google%20Shopping&amp;utm_campaign=GOOGLE%20FEED&amp;utm_medium=cpc&amp;utm_term=312273,http://local.holy.com/wp-content/uploads/2020/07/Suero-antiedad-khol-Holy-cosmetics-6.54.38-p.-m..jpg,"in stock","COP 20000.00",491,,,,no,New,
313088,"LOCIÓN AZUFRADA","La loción azufrada de Pili ayuda a controlar la producción de grasa en la piel, mejorando las condiciones de la misma y ayudando a prevenir las imperfecciones como barros y espinillas. No tiene colorantes ni perfumes.  ",http://local.holy.com/tienda/locion-azufrada/?utm_source=Google%20Shopping&amp;utm_campaign=GOOGLE%20FEED&amp;utm_medium=cpc&amp;utm_term=313088,http://local.holy.com/wp-content/uploads/2020/07/Locion-azufrada-pili-Holy-cosmetics.jpg,"in stock","COP 13000.00",491,,,,no,New,
312875,"CONTORNO DE OJOS REPARADOR","Trata la fatiga ocular. Promueve el flujo de sangre a tus ojos y la producción de colágeno y elastina en la zona por su presentación en roll on. Repara la delicada área debajo de los ojos. Perfecto para tu rutina de noche *Libre de crueldad animal*",http://local.holy.com/tienda/contorno-de-ojos-reparador/?utm_source=Google%20Shopping&amp;utm_campaign=GOOGLE%20FEED&amp;utm_medium=cpc&amp;utm_term=312875,http://local.holy.com/wp-content/uploads/2020/07/Contorn-de-ojos-reparador-bacc-Holy-cosmetics-.jpg,"in stock","COP 20000.00",491,,,,no,New,
312928,"MASCARILLA EXFOLIANTE PARA PIES","Exfolia y limpia tus pies, remueve toda la piel muerta dejando tus pies limpios y suaves. su ingrediente principal es la oliva. *Libre de crueldad animal*",http://local.holy.com/tienda/mascarilla-exfoliante-para-pies/?utm_source=Google%20Shopping&amp;utm_campaign=GOOGLE%20FEED&amp;utm_medium=cpc&amp;utm_term=312928,http://local.holy.com/wp-content/uploads/2020/07/Mascarilla-exfoliante-de-aceite-de-oliva-para-pies-Holy-cosmetics-min.jpg,"in stock","COP 10000.00",491,,,,no,New,
312954,"SUERO REPARADOR","El suero facial reparador aporta brillo y vitalidad a las pieles cansadas. Mejora la producción de colageno y elastina. Brinda un aspecto rejuvenecido. Perfecto para todo tipo de piel. Uso nocturno. *Libre de crueldad animal*",http://local.holy.com/tienda/suero-reparador/?utm_source=Google%20Shopping&amp;utm_campaign=GOOGLE%20FEED&amp;utm_medium=cpc&amp;utm_term=312954,http://local.holy.com/wp-content/uploads/2020/07/Serum-reparador-Holy-cosmetics-min.jpg,"in stock","COP 30000.00",491,,,,no,New,
312907,"SPRAY REVITALIZADOR CON VITAMINA E","El spray revitalizador con vitamina E proporciona unos resultados espectaculares para la piel, pues consigue, entre otras cosas, difuminar las cicatrices, eliminar los pequeños granitos e imperfecciones y una barrera natural para proteger la piel de los rayos solares. Esta  vitamina también es un antioxidante que protege las células. Ayuda a desinflamar e hidrata profundamente dejando la piel lista radiante y suave. **Libre de crueldad animal**",http://local.holy.com/tienda/spray-revitalizador-con-vitamina-e/?utm_source=Google%20Shopping&amp;utm_campaign=GOOGLE%20FEED&amp;utm_medium=cpc&amp;utm_term=312907,http://local.holy.com/wp-content/uploads/2020/07/Spray-revitalizador-Holy-cosmetics-min.jpg,"in stock","COP 25000.00",491,,,,no,New,
312916,"SPRAY HIDRANTE CON ÁCIDO HIALURÓNICO","El spray Hidratante con ácido hialurónico devuelve el brillo a las pieles opacas hidratando profundamente. El Ácido Hialurónico proporciona a la piel los componentes necesarios para el proceso natural de renovación y humectación requeridos para que se conserve siempre sana, suave y juvenil. *Libre de crueldad animal*",http://local.holy.com/tienda/spray-hidrante-con-acido-hialuronico/?utm_source=Google%20Shopping&amp;utm_campaign=GOOGLE%20FEED&amp;utm_medium=cpc&amp;utm_term=312916,http://local.holy.com/wp-content/uploads/2020/07/Spray-hidratante-con-acido-hialuronico-holy-cosmetics-.jpg,"in stock","COP 25000.00",491,,,,no,New,
312940,"MASCARILLA HIDRANTANTE PARA PIES","Hidrata profundamente dejando tus pies limpios y suaves. su ingrediente principal es la oliva. *Libre de crueldad animal*",http://local.holy.com/tienda/mascarilla-hidrantante-para-pies/?utm_source=Google%20Shopping&amp;utm_campaign=GOOGLE%20FEED&amp;utm_medium=cpc&amp;utm_term=312940,http://local.holy.com/wp-content/uploads/2020/07/MASCARILLA-HIDRATANTE-PARA-PIES-DE-OLVIBA-BEAUTY-HOST-Holy-cosmetics-min.jpg,"in stock","COP 10000.00",491,,,,no,New,
312948,"PAPEL DE ARROZ HOLY","Las Hojas de Papel Secante con Polvo de Arroz son unas exclusivas hojas de papel secante con 2 caras, hechas de arroz natural. Brindan una gran absorción de grasa que se acumula en el rostro. Las Hojas de Papel con Polvo de Arroz tienen 2 caras, una que es mate (sin polvo) para absorber el exceso de grasa en el rostro y otra con polvo para darle un acabado fresco al rostro Contenidas en un paquete compacto, ideal para llevarlo en el bolso. *Libre de crueldad animal*",http://local.holy.com/tienda/papel-de-arroz-holy/?utm_source=Google%20Shopping&amp;utm_campaign=GOOGLE%20FEED&amp;utm_medium=cpc&amp;utm_term=312948,http://local.holy.com/wp-content/uploads/2020/07/Papel-de-arroz-holy-Holy-cosmetics.jpg,"in stock","COP 8000.00",491,,,,no,New,
313080,"PALETA COLOR FEST GLITTER","Con la paleta color fest de Ruby Rose con 12 divertidos y brillantes tonos de glitter prensados. Cada tono es ultra fino y altamente pigmentado para el máximo glamour. Mezcla múltiples tonos para brillos personalizados. • 12 brillos prensados. • Suave y Ultra Fina • Alto Brillo y Pigmentada. **Libre de crueldad**",http://local.holy.com/tienda/paleta-color-fest-glitter/?utm_source=Google%20Shopping&amp;utm_campaign=GOOGLE%20FEED&amp;utm_medium=cpc&amp;utm_term=313080,http://local.holy.com/wp-content/uploads/2020/07/Paleta-de-glitters-color-fest-ruby-face-Holy-cosmetics.jpg,"in stock","COP 38000.00",491,,,,no,New,
310606,"BROCHAS ROSET","Set de brochas por 12 pcs. Las brochas sintéticas se pueden usar con líquidos, cremas y polvos para lograr una aplicación de maquillaje precisa, lo que le permite crear looks impecables que van desde lo sutil a lo llamativo. Brochas 100% libre de crueldad animal",http://local.holy.com/tienda/brochas-roset/?utm_source=Google%20Shopping&amp;utm_campaign=GOOGLE%20FEED&amp;utm_medium=cpc&amp;utm_term=310606,http://local.holy.com/wp-content/uploads/2020/07/Brochas-roset-12-piezas-Holy-cosmetics.jpg,"in stock","COP 40000.00",491,,,,no,New,
310261,"BALLENITA FACIAL","Masajeador facial Ballenita facial Puedes complementar su uso con productos como jabón o limpiador liquido que tenemos en nuestra tienda.   ***Este producto es enviado según disponibilidad de color ***",http://local.holy.com/tienda/ballenita-facial/?utm_source=Google%20Shopping&amp;utm_campaign=GOOGLE%20FEED&amp;utm_medium=cpc&amp;utm_term=310261,http://local.holy.com/wp-content/uploads/2020/07/BALLENITA-FACIAL-Holy-cosmetics.jpg,"in stock","COP 10000.00",491,,,,no,New,
310238,"BROCHAS SNOW","Set de brochas por 11 pcs. Las brochas sintéticas de dos tonos se pueden usar con líquidos, cremas y polvos para lograr una aplicación de maquillaje precisa, lo que le permite crear looks impecables que van desde lo sutil a lo llamativo. Brochas 100% libre de crueldad animal",http://local.holy.com/tienda/brochas-snow/?utm_source=Google%20Shopping&amp;utm_campaign=GOOGLE%20FEED&amp;utm_medium=cpc&amp;utm_term=310238,http://local.holy.com/wp-content/uploads/2020/07/Brochas-snow-Holy-cosmetics-.jpg,"in stock","COP 45000.00",491,,,,no,New,
309948,"BROCHAS SUN","Set de brochas por 11 pcs. Las brochas sintéticas de dos tonos se pueden usar con líquidos, cremas y polvos para lograr una aplicación de maquillaje precisa, lo que le permite crear looks impecables que van desde lo sutil a lo llamativo. Brochas 100% libre de crueldad animal",http://local.holy.com/tienda/brochas-sun/?utm_source=Google%20Shopping&amp;utm_campaign=GOOGLE%20FEED&amp;utm_medium=cpc&amp;utm_term=309948,http://local.holy.com/wp-content/uploads/2020/07/Brochas-maquillaje-sun-set-11-piezas-tendecia-2020-Holy-Cosmetics-min.jpg,"in stock","COP 40000.00",491,,,,no,New,
306876,"SUERO FACIAL HIDRO -VITAMINA C & E","El suero facial hidro ofrece una formula  antioxidante con vitamina C & E, es un potente antioxidante, que protege las células contra las radiaciones libres generadas por los rayos UV. Contiene extracto de aloe vera, extracto de hamamelis y extracto de caléndula que ayudan a reparar la piel del deterioro ocasionado por el maquillaje y la exposición al sol. *Libre de crueldad animal* ",http://local.holy.com/tienda/suero-facial-hidro-vitamina-c-e/?utm_source=Google%20Shopping&amp;utm_campaign=GOOGLE%20FEED&amp;utm_medium=cpc&amp;utm_term=306876,http://local.holy.com/wp-content/uploads/2020/07/suero-facial-hidro-vitamina-c-y-e-dolce-bella-colombia-Holy-cosmetics.jpg,"in stock","COP 30000.00",491,,,,no,New,
306847,"ÁCIDO HIALURÓNICO - TRATAMIENTO DE MANCHAS Y ARRUGAS","El Ácido Hialurónico proporciona a la piel los componentes necesarios para el proceso natural de renovación y humectación requeridos para que se conserve siempre sana, suave y juvenil. Aumenta los niveles de reparación natural retardando el envejecimiento. Componentes principales : ÁCIDO HIALURONICO & VITAMINA E Sus activos ayudan a disminuir las manchas y las arrugas, puedes usarlo hasta dos veces por día, en la mañana y en la noche antes de dormir. Quedaras encantada con los resultados. *Libre de crueldad animal* ",http://local.holy.com/tienda/acido-hialuronico-tratamiento-de-manchas-y-arrugas/?utm_source=Google%20Shopping&amp;utm_campaign=GOOGLE%20FEED&amp;utm_medium=cpc&amp;utm_term=306847,http://local.holy.com/wp-content/uploads/2020/07/Tratamiento-de-manchas-y-arrugas-acido-hialuronico-dolce-bella-colombia-Holy-cosmetics.jpg,"in stock","COP 20000.00",491,,,,no,New,
293107,"BROCHAS DELUXE HOLY","Hemos creado este set de brochas especialmente para ti. 12 Brochas para crear tus mejores looks incluye,cosmetiquera para que puedas guardarlas junto con tus productos favoritos. ***Libre de crueldad  ***",http://local.holy.com/tienda/brochas-deluxe-holy/?utm_source=Google%20Shopping&amp;utm_campaign=GOOGLE%20FEED&amp;utm_medium=cpc&amp;utm_term=293107,http://local.holy.com/wp-content/uploads/2020/06/Brochas-maquillaje-deluxe-set-12-piezas-tendencia-2020-Holy-Cosmetics.jpg,"in stock","COP 65000.00",491,,,,no,New,
285611,"DEPILADORA WATERPROOF","La Depiladora waterproof ofrece una cuchilla con tiras lubricantes de aloe y vitaminas incorporadas para evitar rasguños y alergias en la piel. Puedes usarla con tu jabón favorito para realizar el proceso. Te brinda una experiencia de afeitado suave y cómodo. Velocidad ajustable (afeitado de baja / alta velocidad).",http://local.holy.com/tienda/depiladora-waterproof/?utm_source=Google%20Shopping&amp;utm_campaign=GOOGLE%20FEED&amp;utm_medium=cpc&amp;utm_term=285611,http://local.holy.com/wp-content/uploads/2020/06/Depiladora-marske-waterproof-Holy-cosmetics-2.jpg,"out of stock","COP 55000.00",491,,,,no,New,
285431,"SECADOR REMINGTON SHINE THERAPY- AGUACATE CON MACADAMIA","Resultados únicos. El  secado Shine Therapyr  logra un cabello brillante y sin frizz con cada secado gracias a la innovadora tecnología iónica de Remington. El aire caliente del secador, al pasar por la rejilla, libera microacondicionadores de r aguacate con macadamiar  y más cantidad de iones que un  secador  estándar. Secador de pelo potente con tecnología avanzada. Tecnología de cerámica iónica que protege el cabello. 1 año de garantia con Remigton Colombia.",http://local.holy.com/tienda/secador-remington-shine-therapy-aguacate-con-macadamia/?utm_source=Google%20Shopping&amp;utm_campaign=GOOGLE%20FEED&amp;utm_medium=cpc&amp;utm_term=285431,http://local.holy.com/wp-content/uploads/2020/06/SECADOR-AGUACATE-Y-MACADAMIA-Holy-cosmetics.jpg,"in stock","COP 180000.00",491,,,,no,New,
274367,"LIMPIADOR Y MASAJEADOR  FACIAL EN SILICONA","Este cepillo te permite limpiar y masajear tu rostro. Es perfecto para combinarlo con tu jabón favorito. *Este producto es enviado según disponibilidad de color*",http://local.holy.com/tienda/limpiador-y-masajeador-facial-en-silicona/?utm_source=Google%20Shopping&amp;utm_campaign=GOOGLE%20FEED&amp;utm_medium=cpc&amp;utm_term=274367,http://local.holy.com/wp-content/uploads/2020/05/CEPILLO-FACIAL-EN-SILICONA-USO-Holy-cosmetics.jpg,"in stock","COP 7000.00",491,,,,no,New,
274324,"SET DE PINCELES PARA UÑAS 7 PCS","Pinceles de alta calidad para uñas. 7 pcs que te permiten hacer diferentes actividades en uñas. *Libre de crueldad*",http://local.holy.com/tienda/set-de-pinceles-para-unas-7-pcs/?utm_source=Google%20Shopping&amp;utm_campaign=GOOGLE%20FEED&amp;utm_medium=cpc&amp;utm_term=274324,http://local.holy.com/wp-content/uploads/2020/05/PINCEL-PARA-UÑAS-7-PCS-Holy-cosmetics.jpg,"in stock","COP 10000.00",491,,,,no,New,
273149,"MASCARILLA PUNTOS NEGROS 3 PASOS","¡Elimina puntos negros! Con la mascarilla Bio aqua en 3 pasos podrás tener como resultado tu nariz limpia de impurezas como puntos negros o comedones. Disfruta de una textura suave en la zona de tu nariz después de los 3 pasos. Este producto contiene tres tiras nasales que de forma general, suavizan la espinillas y las disuelven de los poros profundos. Extraen las partículas de grasa, los puntos blancos de la nariz para retirar las espinillas. Deja la piel suave y fresca. Contiene más ingredientes de extracto herbáceo, equilibra el agua y el aceite para darle a la piel una nutrición adecuada, piel limpia y suave. **Libre de crueldad  **  ",http://local.holy.com/tienda/mascarilla-puntos-negros-3-pasos/?utm_source=Google%20Shopping&amp;utm_campaign=GOOGLE%20FEED&amp;utm_medium=cpc&amp;utm_term=273149,http://local.holy.com/wp-content/uploads/2020/05/MASCARILLA-3-PASOS-BIOAQUA-Holy-cosmetics.jpg,"in stock","COP 6000.00",491,,,,no,New,
272474,"FACE PRIMER 24K GOLD","Consigue un acabado uniforme y por mas tiempo en tu maquillaje con el Primer 24K gold By Ushas. Matifica, fija y reduce la apariencia de los poros. Formula en gel ligera. Perfecto para todo tipo de piel. *Libre de crueldad animal* ",http://local.holy.com/tienda/face-primer-24k-gold/?utm_source=Google%20Shopping&amp;utm_campaign=GOOGLE%20FEED&amp;utm_medium=cpc&amp;utm_term=272474,http://local.holy.com/wp-content/uploads/2020/05/primer-24k-ushas-Holy-cosmetics.jpg,"in stock","COP 25000.00",491,,,,no,New,
271513,"LIMPIADOR DE BROCHAS ANTIBACTERIAL EN SECO","Limpia y desinfecta tus brochas al instante, no quedarán húmedas. Con extractos de aloe y manzanilla, lo que suavizan y cuidan tus brochas. cont.120ml **LIBRE DE CRUELDAD ANIMAL**",http://local.holy.com/tienda/limpiador-de-brochas-antibacterial-en-seco/?utm_source=Google%20Shopping&amp;utm_campaign=GOOGLE%20FEED&amp;utm_medium=cpc&amp;utm_term=271513,http://local.holy.com/wp-content/uploads/2020/05/Lava-brochas-Miis-Holy-Cosmetis2.jpg,"in stock","COP 25000.00",491,,,,no,New,
252651,"PLANCHA REMINGTON CON CERÁMICA Y COCO","Con la  plancha para cabello Shine Therapy  de Remington y su exclusiva tecnología de microacondicionadores con coco puedes lograr un cabello protegido y con un aspecto brillante. Sus 8 niveles de temperatura permiten seleccionar la temperatura que más se adecua a tu tipo de cabello evitando causar daños en él.",http://local.holy.com/tienda/plancha-remington-con-ceramica-y-coco/?utm_source=Google%20Shopping&amp;utm_campaign=GOOGLE%20FEED&amp;utm_medium=cpc&amp;utm_term=252651,http://local.holy.com/wp-content/uploads/2020/04/PLANCHA-DE-COCO-Y-CERAMICA-REMIGTON-Holy-cosmetics.jpg,"in stock","COP 145000.00",491,,,,no,New,
248639,"BRILLO LIPGLOSS MAGIC YOUR LIFE","Brillo destellos magic, Ideal para darle un color rosado a tus labios. Se activa el color con el calor de tus labios. Humecta tus labios, da brillo y color instantáneo **LIBRE DE CRUELDAD ANIMAL**",http://local.holy.com/tienda/brillo-lipgloss-magic-your-life/?utm_source=Google%20Shopping&amp;utm_campaign=GOOGLE%20FEED&amp;utm_medium=cpc&amp;utm_term=248639,http://local.holy.com/wp-content/uploads/2020/04/brillo-magic.jpg,"in stock","COP 7000.00",491,,,,no,New,
241015,"MASCARILLA REPOLARIZADORA COCO PARADISE","Coco paradise combina el poder de las propiedades de los aminoácidos, la vitamina E y el aloe vera, que aplicados al cabello producen varios efectos como la hidratación, fortalecimiento de la estructura, protección de color, reparación de daños por tensiones ambientales, procesos químicos y decoloraciones. La mascarilla repolarizadora se adapta a cualquier tipo de cabello, aporta brillo, sedosidad y crecimiento dejando una apariencia saludable y tan perfecta como... E l paraíso en tu cabello. ***Libre de crueldad animal***",http://local.holy.com/tienda/mascarilla-repolarizadora-coco-paradise/?utm_source=Google%20Shopping&amp;utm_campaign=GOOGLE%20FEED&amp;utm_medium=cpc&amp;utm_term=241015,http://local.holy.com/wp-content/uploads/2020/04/ROPOLARIZADOR-GOLDEN-COCONUT-Holy-cosmetics.jpg,"in stock","COP 35000.00",491,,,,no,New,
232479,"PINZA PARA PESTAÑAS HOLY","Esta pinza es una buena ayuda para poner o quitarse las pestañas postizas, hecha de acero inoxidable durable, hermoso diseño color oro rosa. este producto es  ergonómico multifuncional, puedes pegar las pestañas postizas más fácil y más cómodo.",http://local.holy.com/tienda/pinza-para-pestanas-holy/?utm_source=Google%20Shopping&amp;utm_campaign=GOOGLE%20FEED&amp;utm_medium=cpc&amp;utm_term=232479,http://local.holy.com/wp-content/uploads/2019/12/IMG_2380.png,"in stock","COP 5000.00",491,,,,no,New,
230247,"GEL ANTIBACTERIAL 275ML","BENEFICIOS: El Gel Antibacterial ayuda a la eliminación del 99,9% de las bacterias comunes, sin necesidad de lavarse las manos previniendo así diversas enfermedades, además de ofrecer suavidad, humectación, frescura y un agradable aroma.",http://local.holy.com/tienda/gel-antibacterial-275ml/?utm_source=Google%20Shopping&amp;utm_campaign=GOOGLE%20FEED&amp;utm_medium=cpc&amp;utm_term=230247,http://local.holy.com/wp-content/uploads/2020/03/ANTIBACTERIAL-275-ML-Holy-cosmetics.jpg,"in stock","COP 12000.00",491,,,,no,New,
230244,"GEL ANTIBACTERIAL 65ML","BENEFICIOS: El Gel Antibacterial ayuda a la eliminación del 99,9% de las bacterias comunes, sin necesidad de lavarse las manos previniendo así diversas enfermedades, además de ofrecer suavidad, humectación, frescura y un agradable aroma.",http://local.holy.com/tienda/gel-antibacterial-65ml/?utm_source=Google%20Shopping&amp;utm_campaign=GOOGLE%20FEED&amp;utm_medium=cpc&amp;utm_term=230244,http://local.holy.com/wp-content/uploads/2020/03/ANTIBACTERIAL-65-ML-Holy-cosmetics.jpg,"in stock","COP 5000.00",491,,,,no,New,
230238,"GEL ANTIBACTERIAL 125ML","BENEFICIOS: El Gel Antibacterial ayuda a la eliminación del 99,9% de las bacterias comunes, sin necesidad de lavarse las manos previniendo así diversas enfermedades, además de ofrecer suavidad, humectación, frescura y un agradable aroma.",http://local.holy.com/tienda/gel-antibacterial-125ml/?utm_source=Google%20Shopping&amp;utm_campaign=GOOGLE%20FEED&amp;utm_medium=cpc&amp;utm_term=230238,http://local.holy.com/wp-content/uploads/2020/03/ANTIBACTAERIAL-125-ML-Holy-cosmetics.jpg,"in stock","COP 7000.00",491,,,,no,New,
230230,"GEL ANTIBACTERIAL 330ML","BENEFICIOS: El Gel Antibacterial ayuda a la eliminación del 99,9% de las bacterias comunes, sin necesidad de lavarse las manos previniendo así diversas enfermedades, además de ofrecer suavidad, humectación, frescura y un agradable aroma.  ",http://local.holy.com/tienda/gel-antibacterial-330ml/?utm_source=Google%20Shopping&amp;utm_campaign=GOOGLE%20FEED&amp;utm_medium=cpc&amp;utm_term=230230,http://local.holy.com/wp-content/uploads/2020/03/ANTIBACTERIA-330-ML-Holy-cosmetics.jpg,"in stock","COP 14000.00",491,,,,no,New,
227559,"MASCARILLA COLAGENO PARA OJOS","Los parches de colágeno    hidratan profundamente la delicada área debajo de los ojos y aumentan la elasticidad de la piel, alivia debajo de las bolsas de los ojos, mejoran las ojeras, tratan la fatiga ocular, disminuyen la hinchazón, suavizan las patas de gallo y las líneas finas.",http://local.holy.com/tienda/colageno-para-ojos/?utm_source=Google%20Shopping&amp;utm_campaign=GOOGLE%20FEED&amp;utm_medium=cpc&amp;utm_term=227559,http://local.holy.com/wp-content/uploads/2018/09/COLAGENO-DE-OJOS.jpg,"in stock","COP 3000.00",491,,,,no,New,
222775,"DRILL PULIDOR DE UÑAS RECARGABLE","Bajo ruido y vibración, muy cómodo. Diseño recargable y portátil, fácil de usar. Perilla de control de velocidad, fácil de usar. Interruptor de doble rotación. Adecuado para uñas naturales y uñas artificiales. Uso múltiple: tallado, lijado, pulido, modelado, etc. Uso personal o profesional. *Este producto es enviado según disponibilidad de color*",http://local.holy.com/tienda/drill-pulidor-de-unas-recargable/?utm_source=Google%20Shopping&amp;utm_campaign=GOOGLE%20FEED&amp;utm_medium=cpc&amp;utm_term=222775,http://local.holy.com/wp-content/uploads/2020/03/drill-ppulidor-de-uñas-recargable-Holy-cosmetics.jpg,"in stock","COP 170000.00",491,,,,no,New,
222536,"GUANTES HOLY PROTECCIÓN UV-LED","**Accesorio esencial ** Estos guantes protegen tus manos durante los tratamientos bajo los rayos UV disfruta de las horas de belleza de tus uñas, los guantes se ponen y quitan fácilmente son talla única y ademas de esto tiene una parte extendida para proteger tu piel de la muñeca.",http://local.holy.com/tienda/guantes-proteccion-uv-led/?utm_source=Google%20Shopping&amp;utm_campaign=GOOGLE%20FEED&amp;utm_medium=cpc&amp;utm_term=222536,http://local.holy.com/wp-content/uploads/2020/03/GUANTES-PROTECTORES-Holy-cosmetics.jpg,"in stock","COP 15000.00",491,,,,no,New,
216805,"BROCHAS GLAM","Set de brochas por 12 pcs. ***Incluye cosmetiquera para guardarlas*** Las brochas sintéticas de dos tonos se pueden usar con líquidos, cremas y polvos para lograr una aplicación de maquillaje precisa, lo que le permite crear looks impecables que van desde lo sutil a lo llamativo. Brochas 100% libre de crueldad animal",http://local.holy.com/tienda/brochas-glam/?utm_source=Google%20Shopping&amp;utm_campaign=GOOGLE%20FEED&amp;utm_medium=cpc&amp;utm_term=216805,http://local.holy.com/wp-content/uploads/2020/02/BROCHAS-GLAM-Holy-cosmetics.jpg,"in stock","COP 60000.00",491,,,,no,New,
216773,"BROCHAS CONSTELACIÓN","Set de brochas por 10 pcs sintéticas de dos tonos se pueden usar con líquidos, cremas y polvos para lograr una aplicación de maquillaje precisa, lo que le permite crear looks impecables que van desde lo sutil a lo llamativo. ***Incluye cosmetiquera para guardarlas*** Brochas 100% libre de crueldad animal",http://local.holy.com/tienda/brochas-constelacion/?utm_source=Google%20Shopping&amp;utm_campaign=GOOGLE%20FEED&amp;utm_medium=cpc&amp;utm_term=216773,http://local.holy.com/wp-content/uploads/2020/02/BROCHAS-CONSTELACION-COSMETIQUERA-Holy-cosmetics-1.jpg,"in stock","COP 50000.00",491,,,,no,New,
216738,"DRILL PULIDOR DE UÑAS PORTATIL","Usos múltiples: hecho con metal de alta calidad. tallar, grabar, enrutar, esmerilar, afilar, lijar, pulir, incluso tallar profundamente en el cristal, sin que el taladro o el convertidor se sobrecalienten. velocidad ajustable: se aplica gel, acrílico, vidrio, uñas naturales o envolturas de seda con uñas artificiales. las brocas y las bandas de lijado le permiten comenzar de inmediato el control de velocidad de marcado fácil de usar, nunca vacilante. esta nueva máquina de taladro electric nail art se utiliza perfectamente en spas, salones de belleza y uso personal en los hogares. ***Este producto es enviado según disponibilidad de color***",http://local.holy.com/tienda/drill-pulidor-de-unas-portatil/?utm_source=Google%20Shopping&amp;utm_campaign=GOOGLE%20FEED&amp;utm_medium=cpc&amp;utm_term=216738,http://local.holy.com/wp-content/uploads/2020/02/DRILL-PULIDOR-DE-UÑAS-PORTATIL-Holy-cosmetics.jpg,"in stock","COP 35000.00",491,,,,no,New,
214093,"AGUA DE ROSAS PILI","¿Estás buscando ese producto de belleza en tu baño que puede resolver muchos de tus problemas? No tienes que buscar más, ya que el agua de rosas es un producto multiusos con muchas propiedades para la rutina de belleza. 250ML",http://local.holy.com/tienda/agua-de-rosas-pili/?utm_source=Google%20Shopping&amp;utm_campaign=GOOGLE%20FEED&amp;utm_medium=cpc&amp;utm_term=214093,http://local.holy.com/wp-content/uploads/2019/02/AGUA-DE-ROSAS-2.jpg,"in stock","COP 11000.00",491,,,,no,New,
213258,"VOLUMINIZADOR DE LABIOS","Este producto ayuda a mejorar la apariencia de los labios generando color y volumen. **Libre de crueldad animal** Modo de uso: para obtener mejores resultados aplicar tantas veces como sea necesario. Al aplicarlo genera un cosquilleo en los labios. Este es normal debido a su principal ingrediente, el jengibre. El efecto volumen dura entre dos y tres horas.",http://local.holy.com/tienda/voluminizador-de-labios/?utm_source=Google%20Shopping&amp;utm_campaign=GOOGLE%20FEED&amp;utm_medium=cpc&amp;utm_term=213258,http://local.holy.com/wp-content/uploads/2020/02/voluminizador-de-labios-ministar-Holy-cosmetics.jpg,"in stock","COP 12000.00",491,,,,no,New,
212189,"CEPILLO FACIAL EN SILICONA","Mantén tu rostro limpio de impurezas y consiéntelo a su vez, este producto es ideal para llegar a esas zonas de difícil acceso con las comisuras de la nariz. ***Este producto es enviado según disponibilidad de color***",http://local.holy.com/tienda/cepillo-facial-en-silicona/?utm_source=Google%20Shopping&amp;utm_campaign=GOOGLE%20FEED&amp;utm_medium=cpc&amp;utm_term=212189,http://local.holy.com/wp-content/uploads/2020/02/limpiador-faicial-en-silicona-Holy-cosmetics.jpg,"in stock","COP 5000.00",491,,,,no,New,
212084,"PLANCHA REMINGTON FRIZZ THERAPY","La plancha Alisadora Remington S8510Frizz, te ayuda a proteger tu cabello contra el frizz cuenta con revestimiento en cerámica que protegerá tu cabello dándole más fuerza. Podrás elegir entre 9 ajustes de temperatura que varían entre los 150°C y los 230°C todo el día. Logra la perfección en tu cabello y luce fabulosa",http://local.holy.com/tienda/plancha-remington-frizz-therapy/?utm_source=Google%20Shopping&amp;utm_campaign=GOOGLE%20FEED&amp;utm_medium=cpc&amp;utm_term=212084,http://local.holy.com/wp-content/uploads/2020/02/IMG_4266.png,"in stock","COP 200000.00",491,,,,no,New,
210533,"BROCHAS MARMOL PRO","Set de brochas por 10 pcs. Las brochas sintéticas de dos tonos se pueden usar con líquidos, cremas y polvos para lograr una aplicación de maquillaje precisa, lo que le permite crear looks impecables que van desde lo sutil a lo llamativo. Brochas 100% libre de crueldad animal",http://local.holy.com/tienda/brochas-marmol-pro/?utm_source=Google%20Shopping&amp;utm_campaign=GOOGLE%20FEED&amp;utm_medium=cpc&amp;utm_term=210533,http://local.holy.com/wp-content/uploads/2020/02/brochas-marmol-pro-Holy-cosmetics.jpg,"out of stock","COP 38000.00",491,,,,no,New,
210225,"PLANCHA DE CERAMICA","Posee una capa térmica de cerámica turmalina que ayuda a distribuir uniformemente el calor en el cabello para crear pelo liso y brillante y reducir al mínimo daño del pelo.",http://local.holy.com/tienda/plancha-ceramica/?utm_source=Google%20Shopping&amp;utm_campaign=GOOGLE%20FEED&amp;utm_medium=cpc&amp;utm_term=210225,http://local.holy.com/wp-content/uploads/2020/01/PLANCHA-MARSKE-5800-Holy-cosmetics.jpg,"in stock","COP 50000.00",491,,,,no,New,
209542,"REMOVEDOR DE ESMALTE SEMIPERMANENTE Y ACRILICO","Incluye 10 pcs una para cada dedo. * Envolturas de removedor de papel de aluminio. * Esponja absorbente con acetona. * Utilizado para quitar fácilmente el esmalte de uñas de gel, uñas acrílicas o en gel. * Reduce el contacto de la acetona con la piel y atrapa el calor para acelerar la eliminación.",http://local.holy.com/tienda/removedor-de-esmalte-semipermanente/?utm_source=Google%20Shopping&amp;utm_campaign=GOOGLE%20FEED&amp;utm_medium=cpc&amp;utm_term=209542,http://local.holy.com/wp-content/uploads/2020/01/REMOVEDOR-DE-ESMALTE-SEMIPERMANENETE-Holy-cosmetics.jpg,"in stock","COP 10000.00",491,,,,no,New,
209522,"BROCHAS LUXURY","Set de brochas por 10 pcs. Las brochas sintéticas de dos tonos se pueden usar con líquidos, cremas y polvos para lograr una aplicación de maquillaje precisa, lo que le permite crear looks impecables que van desde lo sutil a lo llamativo. Brochas 100% libre de crueldad animal",http://local.holy.com/tienda/brochas-luxury/?utm_source=Google%20Shopping&amp;utm_campaign=GOOGLE%20FEED&amp;utm_medium=cpc&amp;utm_term=209522,http://local.holy.com/wp-content/uploads/2020/01/BROCHAS-LUXURY-Holy-cosmetics.jpg,"in stock","COP 38000.00",491,,,,no,New,
209508,"BROCHAS NEON","Set de brochas por 10 pcs. Las brochas sintéticas de dos tonos se pueden usar con líquidos, cremas y polvos para lograr una aplicación de maquillaje precisa, lo que le permite crear looks impecables que van desde lo sutil a lo llamativo. Brochas 100% libre de crueldad animal",http://local.holy.com/tienda/brochas-neon/?utm_source=Google%20Shopping&amp;utm_campaign=GOOGLE%20FEED&amp;utm_medium=cpc&amp;utm_term=209508,http://local.holy.com/wp-content/uploads/2020/01/brochas-neon-Holy-cosmetics.jpg,"in stock","COP 40000.00",491,,,,no,New,
209478,"LÁSER PARA EL ACNE","El láser azul ayudara a prevenir mejorar y sanar las secuelas dejadas por el acné en la piel,  la tecnología biológico-corriente activa las células de la piel, a su vez la estimula, regenera y repara, ayudando a la reproducción continua de colágeno, ayuda a restaurar la elasticidad natural de la piel y recuperar su función normal.",http://local.holy.com/tienda/laser-para-el-acne/?utm_source=Google%20Shopping&amp;utm_campaign=GOOGLE%20FEED&amp;utm_medium=cpc&amp;utm_term=209478,http://local.holy.com/wp-content/uploads/2020/01/laser-para-el-acne-azul-Holy-cosmetics.jpg,"in stock","COP 25000.00",491,,,,no,New,
208724,"PESTAÑINA THE COLOSSAL VOLUMEXPRESS WATERPROOF","Contiene colágeno y el Mega Brush alcanza instantáneamente 9 veces el volumen. Su mega cepillo, el doble que un cepillo normal, rápido y fácil de usar, consigue en una sola pasada un volumen extremo al instante, sin grumos, para unas pestañas más voluminosas, más gruesas, impactantes. *** WATERPROOF***",http://local.holy.com/tienda/pestanina-the-colossal-volumexpress-waterproof/?utm_source=Google%20Shopping&amp;utm_campaign=GOOGLE%20FEED&amp;utm_medium=cpc&amp;utm_term=208724,http://local.holy.com/wp-content/uploads/2020/01/Pestañina-maybelline-the-colossal-waterproof-Holy-cosmetics.jpg,"in stock","COP 28000.00",491,,,,no,New,
207632,"SECADOR PRO TITANIUM","Secador de pelo potente con tecnología avanzada. Infusión de titanio para un secado rápido. Tecnología de cerámica iónica que protege el cabello.",http://local.holy.com/tienda/secador-pro-titanium-remington/?utm_source=Google%20Shopping&amp;utm_campaign=GOOGLE%20FEED&amp;utm_medium=cpc&amp;utm_term=207632,http://local.holy.com/wp-content/uploads/2020/01/Secador-pro-titanium-Holy-cosmetics.jpg,"in stock","COP 120000.00",491,,,,no,New,
204938,"MASCARILLA COLAGENO PARA LABIOS PILATEN","Contiene colágeno, áloe vera, vitaminas, miel, extracto de fresa. Ayuda a regenerar los labios partidos, con solo 15 minutos notaras la diferencia desde la primera aplicación.",http://local.holy.com/tienda/mascarilla-colageno-para-labios-pilaten/?utm_source=Google%20Shopping&amp;utm_campaign=GOOGLE%20FEED&amp;utm_medium=cpc&amp;utm_term=204938,http://local.holy.com/wp-content/uploads/2018/05/colageno-para-labios-.jpg,"in stock","COP 3000.00",491,,,,no,New,
188079,"LAVA BROCHAS BRUSHEGG","El lava brochas es un producto elaborado en silicona de alta calidad que se utiliza para limpiar los pinceles y brochas de maquillaje. Su bonito diseño compacto hace que sea muy práctico de llevar de viaje y guardarlo cómodamente en tu neceser.   *Este producto es enviado según disponibilidad de color*",http://local.holy.com/tienda/lava-brochas-brushegg/?utm_source=Google%20Shopping&amp;utm_campaign=GOOGLE%20FEED&amp;utm_medium=cpc&amp;utm_term=188079,http://local.holy.com/wp-content/uploads/2019/12/Lava-brochas-Brushegg-Holy-Cosmetics-1.jpg,"in stock","COP 8000.00",491,,,,no,New,
187672,"DRILL PULIDOR DE UÑAS","Usos múltiples: hecho con metal de alta calidad. tallar, grabar, enrutar, esmerilar, afilar, lijar, pulir, incluso tallar profundamente en el cristal, sin que el taladro o el convertidor se sobrecalienten. velocidad ajustable: se aplica gel, acrílico, vidrio, uñas naturales o envolturas de seda con uñas artificiales.Pulidor de Uñas Mercedes 2000 las brocas y las bandas de lijado le permiten comenzar de inmediato el control de velocidad de marcado fácil de usar, nunca vacilante. esta nueva máquina de taladro electric nail art se utiliza perfectamente en spas, salones de belleza y uso personal en los hogares. Hay un interruptor ON/OFF. Cuando el interruptor está activado, la herramienta funciona a 20,000 RPM. Hay un indicador del interruptor con una línea naranja en él. Deslice el interruptor para encontrar la velocidad necesaria de 18,000-20,000 RPM. Deslice el interruptor hacia el punto negro para detenerse por completo.   Este producto es enviado según disponibilidad de color",http://local.holy.com/tienda/drill-pulidor-de-unas/?utm_source=Google%20Shopping&amp;utm_campaign=GOOGLE%20FEED&amp;utm_medium=cpc&amp;utm_term=187672,http://local.holy.com/wp-content/uploads/2019/12/drillpulidor0-min.jpg,"in stock","COP 60000.00",491,,,,no,New,
173081,"CEPILLO IÓNICO","Cepillo de masaje vibratorio PRO MASSAGE HAIRBRUSH para aliviar la fatiga y relajar el cuero cabelludo, mejorar el crecimiento del cabello, prevenir la pérdida del cabello y el cuero cabelludo con la caspa.   *Este producto es enviado según disponibilidad de color*",http://local.holy.com/tienda/cepillo-ionico/?utm_source=Google%20Shopping&amp;utm_campaign=GOOGLE%20FEED&amp;utm_medium=cpc&amp;utm_term=173081,http://local.holy.com/wp-content/uploads/2019/11/1-min.jpg,"in stock","COP 80000.00",491,,,,no,New,
165950,"LAMPARA PARA UÑAS 6W","Tamaño de bolsillo y plegable 6W, con puerto micro USB 45S y 60S dos tiempos Tamaño: 160 * 100 * 60 mm",http://local.holy.com/tienda/lampara-para-unas-6w/?utm_source=Google%20Shopping&amp;utm_campaign=GOOGLE%20FEED&amp;utm_medium=cpc&amp;utm_term=165950,http://local.holy.com/wp-content/uploads/2019/11/Untitled-3-1.jpg,"in stock","COP 20000.00",491,,,,no,New,
165528,"EXTRACTOR DE PUNTOS NEGROS DIGITAL CON SPRAY DE  MICRONIZACIÓN","Extractor facial digital con spray de micronizaci ón un elemento esencial para mantener tu rostro siempre limpio, retira todas las impurezas de tu rostro y a la vez hidrata durante el proceso  con agua, agua de rosas o de hamamelis, sera tu aliado perfecto para cuidar tu piel. cuatro niveles de succión. incluye pantalla para ver la intensidad y el nivel de batería.  ",http://local.holy.com/tienda/extractor-de-puntos-negros-digital-con-spray-de-micronizacion/?utm_source=Google%20Shopping&amp;utm_campaign=GOOGLE%20FEED&amp;utm_medium=cpc&amp;utm_term=165528,http://local.holy.com/wp-content/uploads/2019/11/extractordigital1-min.jpg,"in stock","COP 90000.00",491,,,,no,New,
153794,"PLANCHA MINI","únicamente para cabello seco. Diseños de animalitos divertidos. Dimensiones: 22 * 7 cm. *ESTE PRODUCTO ES ENVIADO SEGÚN DISPONIBILIDAD DE COLOR*",http://local.holy.com/tienda/plancha-mini/?utm_source=Google%20Shopping&amp;utm_campaign=GOOGLE%20FEED&amp;utm_medium=cpc&amp;utm_term=153794,http://local.holy.com/wp-content/uploads/2019/09/plancha-mini-Holy-cosmetics.jpg,"in stock","COP 25000.00",491,,,,no,New,
153782,"DEPILADORA 4 EN 1","Esta máquina depilatoria es ideal para eliminar el vello facial y corporal al instante sin dolor en cuenta con cabezales intercambiables para piernas, bikini, bigote, axilas, barbilla, cejas, nariz e incluso brazos. Satisface todas tus necesidades de depilación, di adiós al molesto vello corporal. Recargable ",http://local.holy.com/tienda/depiladora-4-en-1/?utm_source=Google%20Shopping&amp;utm_campaign=GOOGLE%20FEED&amp;utm_medium=cpc&amp;utm_term=153782,http://local.holy.com/wp-content/uploads/2019/09/DEPILADORA-4-EN-1-MARSKE-Holy-cosmetics.jpg,"in stock","COP 65000.00",491,,,,no,New,
133583,"RODILLO FACIAL DE CUARZO","Las funciones de un rodillo facial, combinado con los beneficios y propiedades de la piedra preciosa de cuarzo rosa, pueden ayudar a devolver un brillo radiante y juvenil a todos los tipos de piel así como disminuir el proceso de envejecimiento y aparición de signos de edad. CUARZO ROSA ",http://local.holy.com/tienda/rodillo-facial-de-cuarzo/?utm_source=Google%20Shopping&amp;utm_campaign=GOOGLE%20FEED&amp;utm_medium=cpc&amp;utm_term=133583,http://local.holy.com/wp-content/uploads/2019/08/RODILLO-FACIAL-DE-CUARZO-ROSA-PARA-WEB-HOLY-COSMETICS-.png,"in stock","COP 40000.00",491,,,,no,New,
125798,"PLANCHA REMINGTON TRIPLE INFUSION","La Plancha Alisadora   Remington Triple Infusion  cuenta con triple infusión, keratina, aceite de argan, macadamia y bolsa térmica Especificaciones Incluye micro acondicionadores con keratina aceite de argan y macadamia en sus placas de cerámica. Auto apagado luego de 60 minutos. Calienta en 15 segundos. Alcanza temperaturas hasta 230°c. Incluye estuche resistente al calor.  ",http://local.holy.com/tienda/plancha-remington-triple-infusion/?utm_source=Google%20Shopping&amp;utm_campaign=GOOGLE%20FEED&amp;utm_medium=cpc&amp;utm_term=125798,http://local.holy.com/wp-content/uploads/2019/07/PLANCHA-REMINGTON-TRIPLE-INFUSION-HOLY-COSMETICS.jpg,"in stock","COP 180000.00",491,,,,no,New,
124951,"PULPO FACIAL","Masajeador facial pulpo facial Puedes complementar su uso con productos como jabón o limpiador liquido que tenemos en nuestra tienda.",http://local.holy.com/tienda/pulpo-facial/?utm_source=Google%20Shopping&amp;utm_campaign=GOOGLE%20FEED&amp;utm_medium=cpc&amp;utm_term=124951,http://local.holy.com/wp-content/uploads/2019/07/PULPO_FACIAL_HOLY_COSMETICS3.jpg,"in stock","COP 5000.00",491,,,,no,New,
119443,"PLANCHA BABYLISS-SOL GEL ANCHA","keratin alaciadora con tecnología de nano titanium y keratina. Keratina- protege y nutre el cabello, fortalece y repara, incrementa el brillo, la suavidad y la humedad, mejora la textura y acondiciona Recomendada para tratamientos con keratina . TEMPERATURA HASTA DE 450ºF",http://local.holy.com/tienda/plancha-babyliss-sol-gel-ancha/?utm_source=Google%20Shopping&amp;utm_campaign=GOOGLE%20FEED&amp;utm_medium=cpc&amp;utm_term=119443,http://local.holy.com/wp-content/uploads/2019/07/BABY-LISS-GRUESA-1.jpg,"in stock","COP 270000.00",491,,,,no,New,
119426,"PLANCHA BABYLISS SOL GEL CLASICA","keratin alaciadora con tecnología de nano titanium y keratina. Keratina- protege y nutre el cabello, fortalece y repara, incrementa el brillo, la suavidad y la humedad, mejora la textura y acondiciona Recomendada para tratamientos con keratina . TEMPERATURA HASTA DE 450ºF",http://local.holy.com/tienda/plancha-babyliss-sol-gel-clasica/?utm_source=Google%20Shopping&amp;utm_campaign=GOOGLE%20FEED&amp;utm_medium=cpc&amp;utm_term=119426,http://local.holy.com/wp-content/uploads/2019/07/BABYLISS-AZUL-DELGADA.jpg,"in stock","COP 260000.00",491,,,,no,New,
119412,"EXTRACTOR DE PUNTOS NEGROS SENCILLO","Nuevo Sistema Profesional portátil para tratamientos faciales de Acné y limpieza facial profunda, posee novedoso sistema de presión negativa eléctrica que permite de una manera fácil y eficiente la extracción de espinillas y puntos negros del cutis, dando un apariencia Juvenil y fresca en la piel.",http://local.holy.com/tienda/extractor-de-puntos-negros-sencillo/?utm_source=Google%20Shopping&amp;utm_campaign=GOOGLE%20FEED&amp;utm_medium=cpc&amp;utm_term=119412,http://local.holy.com/wp-content/uploads/2018/10/EXTRACTOR-HOLY-COSMETICS.jpg,"in stock","COP 50000.00",491,,,,no,New,
119102,"LAVA BROCHAS EN SECO HOLY","La esponja de limpieza de brochas  le brinda una experiencia innovadora para la limpieza de brochas. Rápido, efectivo y no necesita agua.",http://local.holy.com/tienda/lava-brochas-en-seco-holy/?utm_source=Google%20Shopping&amp;utm_campaign=GOOGLE%20FEED&amp;utm_medium=cpc&amp;utm_term=119102,http://local.holy.com/wp-content/uploads/2019/07/Lava-brochas-en-seco-Holy-Cosmetics.jpg,"in stock","COP 10000.00",491,,,,no,New,
107763,"DEPILADORA 2 EN 1","Esta depiladora femenina cuenta con dos cabezales 1.Este cabezal rasura cortando el vello. 2. Este cabezal arranca el vello desde la raíz. Recargable  ",http://local.holy.com/tienda/depiladora-2-en-1/?utm_source=Google%20Shopping&amp;utm_campaign=GOOGLE%20FEED&amp;utm_medium=cpc&amp;utm_term=107763,http://local.holy.com/wp-content/uploads/2019/06/DEPILADORA-MARSKE-2-EN-1-Holy-cosmetics.jpg,"in stock","COP 60000.00",491,,,,no,New,
101594,"LAMPARA PARA UÑAS 54W","La lampara para uñas es actualmente un instrumento indispensable para hacer tus uñas favoritas en materiales que requieran de la luz de la lampara paras ser curados.",http://local.holy.com/tienda/lampara-para-unas-54w/?utm_source=Google%20Shopping&amp;utm_campaign=GOOGLE%20FEED&amp;utm_medium=cpc&amp;utm_term=101594,http://local.holy.com/wp-content/uploads/2019/05/Lampara-de-54w-sun-blanca-Holy-cosmetics-1.jpg,"in stock","COP 100000.00",491,,,,no,New,
101266,"CEPILLO SEPARADOR DE PESTAÑAS HOLY","Separador de pestañas ideal para obtener una separación uniforme pelo a pelo con efecto 3D. El diseño hecho en pequeñas agujas metálicas hace que los productos de mascaras o pestañinas no se adhiera al pequeño peine para obtener una separación uniforme. Fácil de limpiar ya que su material es en acero inoxidable.",http://local.holy.com/tienda/cepillo-separador-de-pestanas-holy/?utm_source=Google%20Shopping&amp;utm_campaign=GOOGLE%20FEED&amp;utm_medium=cpc&amp;utm_term=101266,http://local.holy.com/wp-content/uploads/2019/05/IMG_2360.png,"in stock","COP 10000.00",491,,,,no,New,
100790,"SAUNA FACIAL","El poder natural del vapor dilata los poros y limpia la piel dejándola más suave y sin impurezas. La piel adquiere un aspecto sano, relajado y luminoso , este vaporizador te ayudará a abrir los poros y desintoxicar la piel, suavizándola, revitalizándola y librándola de puntos negros toxinas y residuos de maquillaje. Disminuye el acné, elimina puntos negros, células muertas e impurezas, mejorando la circulación sanguínea y estimulación de la renovación celular. Este vapor penetra profundamente en la piel para hidratarla rápidamente.   **ESTE PRODUCTO ES ENVIADO SEGÚN DISPONIBILIDAD DE COLOR**",http://local.holy.com/tienda/sauna-facial/?utm_source=Google%20Shopping&amp;utm_campaign=GOOGLE%20FEED&amp;utm_medium=cpc&amp;utm_term=100790,http://local.holy.com/wp-content/uploads/2019/05/sauna-sencillo-benice-hoy.jpg,"in stock","COP 50000.00",491,,,,no,New,
100744,"LAMPARA PARA UÑAS 48W","La lampara para uñas es actualmente un instrumento indispensable para hacer tus uñas favoritas en materiales que requieran de la luz de la lampara paras ser curados.",http://local.holy.com/tienda/lampara-para-unas-48w/?utm_source=Google%20Shopping&amp;utm_campaign=GOOGLE%20FEED&amp;utm_medium=cpc&amp;utm_term=100744,http://local.holy.com/wp-content/uploads/2019/05/lampara-para-uñas-48w-blanca-Holy-cosmetics.jpg,"in stock","COP 80000.00",491,,,,no,New,
96099,"SAUNA FACIAL PROFESIONAL","Uso recomendado: -Para la piel de grasa tiempo recomendado: 10-15 minutos. - Para la piel seca tiempo recomendado: 8-12 minutos. - Para la piel sensible tiempo recomendado: 10 minutos máximo. ESTE PRODUCTO ES ENVIADO SEGUN DISPONIBILIDAD DE COLOR",http://local.holy.com/tienda/sauna-facial-profesional/?utm_source=Google%20Shopping&amp;utm_campaign=GOOGLE%20FEED&amp;utm_medium=cpc&amp;utm_term=96099,http://local.holy.com/wp-content/uploads/2019/02/sauna-facial-rosa.png,"in stock","COP 70000.00",491,,,,no,New,
95723,"MASCARILLA ORO DEAR SHE","Esta máscara está enriquecida con lixury polvo de lámina de oro que se funde en la piel, mejora su capacidad de reparación, levanta, aligera las líneas finas, suaviza gradualmente, reafirma, hidrata y repara la piel flácida. El producto purifica profundamente la piel, aclara la pigmentación, mejora e ilumina el áspero y piel cetrina, dejándola clara y brillante.",http://local.holy.com/tienda/mascarilla-oro-dear-she/?utm_source=Google%20Shopping&amp;utm_campaign=GOOGLE%20FEED&amp;utm_medium=cpc&amp;utm_term=95723,http://local.holy.com/wp-content/uploads/2018/02/DEAR-SHE-GOLD.jpg,"in stock","COP 2000.00",491,,,,no,New,
88424,"MASAJEADOR FACIAL 5 EN 1","Con este práctico masajeador obtendrás una piel radiante cada día, está diseñado especialmente para el cuidado facial como un masaje en SPA, con 5 accesorios diferentes esta herramienta de belleza limpia profundamente la cara sin maltratar la piel, fácil y rápido de usar, descubre una piel súper limpia, suave, radiante y más sana en menos de 60 segundos. Diseño compacto que facilita llevarlo a cualquier parte. Además cuenta con un lindo estuche rígido. Funciona con 2 baterías AA (no incluidas).",http://local.holy.com/tienda/masajeador-facial-5-en-1-2/?utm_source=Google%20Shopping&amp;utm_campaign=GOOGLE%20FEED&amp;utm_medium=cpc&amp;utm_term=88424,http://local.holy.com/wp-content/uploads/2019/04/masajeador5en1-1-min.jpg,"in stock","COP 15000.00",491,,,,no,New,
72391,"LAMPARA PARA UÑAS 36W","La lampara para uñas es actualmente un instrumento indispensable para hacer tus uñas favoritas en materiales que requieran de la luz de la lampara paras ser curados.",http://local.holy.com/tienda/lampara-para-unas-36w/?utm_source=Google%20Shopping&amp;utm_campaign=GOOGLE%20FEED&amp;utm_medium=cpc&amp;utm_term=72391,http://local.holy.com/wp-content/uploads/2019/03/Lampara-para-uñas-de-36w-blanca-Holy-cosmetics.png,"in stock","COP 40000.00",491,,,,no,New,
65995,"POMADA PARA CEJAS Y PESTAÑAS CILKA","Pomada Fortalece el crecimiento de cejas y pestañas. Estimula el crecimiento de barba y bigote en los hombres. Desmaquilla cejas y pestañas. Atenúa líneas de expresión.",http://local.holy.com/tienda/cilka/?utm_source=Google%20Shopping&amp;utm_campaign=GOOGLE%20FEED&amp;utm_medium=cpc&amp;utm_term=65995,http://local.holy.com/wp-content/uploads/2019/02/empaque-cilka-1.jpg,"in stock","COP 25000.00",491,,,,no,New,
65989,HYDROGEL,"Gel Calmante e hidratante libre de alcohol. Ayuda a recupera y restaurar el estado natural de la piel. Ideal para piel irritada después de ser depilada o con alta exposición al sol.",http://local.holy.com/tienda/hydrogel/?utm_source=Google%20Shopping&amp;utm_campaign=GOOGLE%20FEED&amp;utm_medium=cpc&amp;utm_term=65989,http://local.holy.com/wp-content/uploads/2019/02/hridrogel-1.jpg,"in stock","COP 25000.00",491,,,,no,New,
65439,"GEL EXFOLIANTE","Elaborado con semillas de albaricoque y extracto natural de aloe vera, exfolia suavemente mientras proporciona una refrescante sensación cítrica.",http://local.holy.com/tienda/gel-exfoliante/?utm_source=Google%20Shopping&amp;utm_campaign=GOOGLE%20FEED&amp;utm_medium=cpc&amp;utm_term=65439,http://local.holy.com/wp-content/uploads/2019/02/EXFOLIANTE.jpg,"in stock","COP 25000.00",491,,,,no,New,
65375,"KIT VIAJERO ROSA","El set de botellas cosméticasl está hecho de material de PVC de alta calidad que dispensa grandes botellas de líquido que no se pueden transportar fácilmente.",http://local.holy.com/tienda/kit-viajero-rosa/?utm_source=Google%20Shopping&amp;utm_campaign=GOOGLE%20FEED&amp;utm_medium=cpc&amp;utm_term=65375,http://local.holy.com/wp-content/uploads/2019/02/Kit-Viajero-Rosa-Holy-Cosmetics-min.jpg,"in stock","COP 12000.00",491,,,,no,New,
64737,"PLANCHA REMINGTON KERATINA Y ARGAN","La Plancha de Cabello de Keratina y Argan S8599, cumple la función de dejar tu cabello liso y manejable desde la primera pasada. Cuenta con Recubrimiento de cerámica con alisador con infusión de Palta y Aceite de Argán que garantiza más brillo y suavidad del cabello.",http://local.holy.com/tienda/plancha-de-cabello-keratina-y-argan/?utm_source=Google%20Shopping&amp;utm_campaign=GOOGLE%20FEED&amp;utm_medium=cpc&amp;utm_term=64737,http://local.holy.com/wp-content/uploads/2019/02/PLANCHA-REMINGTON-KERATINA-Y-ARGAN-Holy-cosmetics.jpg,"in stock","COP 220000.00",491,,,,no,New,
64705,"PLANCHA REMINGTON SALES DE MAR-ALISA SOBRE MOJADO","Diseñada específicamente para utilizarse tras secar el cabello únicamente con una toalla, te permite suprimir el secado con secador en favor de este innovador producto que seca y alisa al mismo tiempo, proporcionándote un cabello superliso un 86 % más rápido que tu rutina actual",http://local.holy.com/tienda/plancha-remington-sales-de-mar-alisa-sobre-mojado/?utm_source=Google%20Shopping&amp;utm_campaign=GOOGLE%20FEED&amp;utm_medium=cpc&amp;utm_term=64705,http://local.holy.com/wp-content/uploads/2019/02/PLANCHA-REMINGTON-SALES-MARINA-Holy-cosmetics.jpg,"in stock","COP 210000.00",491,,,,no,New,
64700,"PLANCHA REMINGTON ACEITE DE ARGAN","Plancha Remington Aceite de Argan S8500 consiente tu pelo con un poco de terapia si deseas un cabello reluciente con un 86 % más de brillo elige la plancha shine therapy. Las placas con revestimiento de cerámica avanzada contienen aceite de argán marroquí y vitamina e que al calentarse liberan a tu pelo microacondicionadores que realzan el brillo.",http://local.holy.com/tienda/plancha-remington-aceite-de-argan/?utm_source=Google%20Shopping&amp;utm_campaign=GOOGLE%20FEED&amp;utm_medium=cpc&amp;utm_term=64700,http://local.holy.com/wp-content/uploads/2019/02/ARGAN-OIL-Holy-cosmetics.jpg,"in stock","COP 180000.00",491,,,,no,New,
64684,"PLANCHA REMINGTON AGUACATE CON MACADAMIA","La plancha REMINGTON AGUACATE CON MACADAMIA S9960 crea una experiencia tanto en uso profesional como uso personal gracias a su grandiosa tecnología en AGUACATE Y MACADAMIA aporta una mejor protección y planchado en el cabello.Sus placas cerámicas con microacondicionadores te permiten obtener un resultado espectacular sin residuos aceitosos, y lo mejor es que gracias a su temperatura de 230°C podrás realizar lo que prefieras en menos tiempo y con excelentes resultados.",http://local.holy.com/tienda/plancha-remington-aguacate-con-macadamia/?utm_source=Google%20Shopping&amp;utm_campaign=GOOGLE%20FEED&amp;utm_medium=cpc&amp;utm_term=64684,http://local.holy.com/wp-content/uploads/2019/02/AGUCATE-Y-MACADAMIA-Holy-cosmetics.jpg,"in stock","COP 180000.00",491,,,,no,New,
63833,"JABON FACIAL PIEL MIXTA O NORMAL","Si tu piel es mixta o normal este producto es perfecto para incluirlo dentro de tu rutina facial. Limpiador líquido hipoalergénico sustituto del jabón. Por las propiedades del extracto natural de avena y aloe vera, su pH controlado brinda humectación y suavidad, ayudando a conservar el estado natural y equilibrio del manto de la piel.",http://local.holy.com/tienda/jabon-facial-piel-mixta-o-normal/?utm_source=Google%20Shopping&amp;utm_campaign=GOOGLE%20FEED&amp;utm_medium=cpc&amp;utm_term=63833,http://local.holy.com/wp-content/uploads/2019/02/jabon-syndet.jpg,"in stock","COP 25000.00",491,,,,no,New,
63831,"JABON FACIAL PIEL GRASA","Un producto que no puede faltar en tu rutina facial, ideal para pieles grasas. Elaborado con extractos naturales y por su pH controlado, limpia y exfolia suavemente renovando la apariencia y textura de la piel.",http://local.holy.com/tienda/jabon-facial-piel-grasa/?utm_source=Google%20Shopping&amp;utm_campaign=GOOGLE%20FEED&amp;utm_medium=cpc&amp;utm_term=63831,http://local.holy.com/wp-content/uploads/2019/02/jabon-facial-cleaner-piel-grasa.jpg,"in stock","COP 25000.00",491,,,,no,New,
63823,"AGUA DE HAMAMELIS PILI","Sus propiedades son realmente increíbles y todas son de caracter externo. En la antigüedad se consideraba una planta del mal, ya que tenía reacciones muy fuertes sobre la piel de los aborigenes, pero ahora se han descubierto propiedades antiinflamatorias y astrigentes utilizando las cantidades correctas de la planta. Además, esta planta contiene una gran cantidad de taninos y flavonoides, lo que estimula la circulación en la piel.",http://local.holy.com/tienda/agua-de-hamamelis-pili/?utm_source=Google%20Shopping&amp;utm_campaign=GOOGLE%20FEED&amp;utm_medium=cpc&amp;utm_term=63823,http://local.holy.com/wp-content/uploads/2019/02/AGUA-DE-HAMAMELIS-WEB-1.jpg,"in stock","COP 11000.00",491,,,,no,New,
63342,"SUERO FACIAL","Ayuda a retener y mantener la humedad de la piel ya que contine colágeno, elastina, extracto de aloe vera, germen de trigo; componentes que promueven la suavidad, hidratación y reafirmación del rostro. Sus activos ayudan a disminuir las lineas de expreción y el envejecimiento de la piel, puedes usarlo hasta dos veces por día, en la mañana y en la noche antes de dormir. Quedaras encantada con los resultados.",http://local.holy.com/tienda/suero-facial-dolce-bella/?utm_source=Google%20Shopping&amp;utm_campaign=GOOGLE%20FEED&amp;utm_medium=cpc&amp;utm_term=63342,http://local.holy.com/wp-content/uploads/2019/02/SUERO-FACIAL-DOLCE-BELLA-Holy-cosmetics.jpg,"in stock","COP 20000.00",491,,,,no,New,
50522,"CEPILLO PARA CEJAS O PESTAÑAS 10PCS","EL COMPLEMENTO PERFECTO PARA PEINAR TUS CEJAS O PESTAÑAS.",http://local.holy.com/tienda/cepillo-para-cejas-o-pestanas/?utm_source=Google%20Shopping&amp;utm_campaign=GOOGLE%20FEED&amp;utm_medium=cpc&amp;utm_term=50522,http://local.holy.com/wp-content/uploads/2019/01/cepillo-cejas-y.-pestanas-1.jpg,"in stock","COP 5000.00",491,,,,no,New,
39396,"PESTAÑINA LASH SENSATIONAL","¿Sabías que tus pestañas crecen en mas de una capa? Esta máscara despliega capa a capa tus pestañas y crea un efecto abanico. La fórmula líquida fresca de esta mascara captura las pestañas de la raíz a la punta para crear un efecto de abanico abierto sensacional. Fórmula labable.",http://local.holy.com/tienda/pestanina-lash-sensational/?utm_source=Google%20Shopping&amp;utm_campaign=GOOGLE%20FEED&amp;utm_medium=cpc&amp;utm_term=39396,http://local.holy.com/wp-content/uploads/2018/12/Pestañina-lash-sensational-maybelline-Holy-cosmetics.jpg,"in stock","COP 30000.00",491,,,,no,New,
39317,"EXTRACTOR DE PUNTOS NEGROS DIGITAL","Este extractor de puntos negros de última generación tiene una aspiración más potente y una limpieza más profunda de la piel. Elimina especialmente la espinilla obstinada del acné de la espinilla, reduce los poros gruesos, elimina la piel muerta, el aceite y los residuos de maquillaje; haz tu piel más radiante",http://local.holy.com/tienda/extractor-de-puntos-negros-digital/?utm_source=Google%20Shopping&amp;utm_campaign=GOOGLE%20FEED&amp;utm_medium=cpc&amp;utm_term=39317,http://local.holy.com/wp-content/uploads/2018/11/extractor-pantalla.jpg,"in stock","COP 60000.00",491,,,,no,New,
36262,"PESTAÑINA THE COLOSSAL VOLUMEXPRESS","Contiene colágeno y el Mega Brush alcanza instantáneamente 9 veces el volumen. Su mega cepillo, el doble que un cepillo normal, rápido y fácil de usar, consigue en una sola pasada un volumen extremo al instante, sin grumos, para unas pestañas más voluminosas, más gruesas, impactantes.",http://local.holy.com/tienda/pestanina-the-colossal-volumexpress/?utm_source=Google%20Shopping&amp;utm_campaign=GOOGLE%20FEED&amp;utm_medium=cpc&amp;utm_term=36262,http://local.holy.com/wp-content/uploads/2018/10/Pestañina-maybelline-thew-colossal-9x-Holy-cosmetics.png,"in stock","COP 28000.00",491,,,,no,New,
35155,"MASCARILLA PUNTOS NEGROS PILATEN","Esta mascarilla de silicona es eficaz para limpiar los poros, eliminar los puntos negros, las impurezas del rostro, la apariencia grasa de la piel y la suciedad más incrustada del rostro dejando una piel más limpia y unos poros menos visibles. REMUEVE PUNTOS NEGROS Y ACNE",http://local.holy.com/tienda/mascarilla-puntos-negros-pilaten/?utm_source=Google%20Shopping&amp;utm_campaign=GOOGLE%20FEED&amp;utm_medium=cpc&amp;utm_term=35155,http://local.holy.com/wp-content/uploads/2018/05/mascarilla-pilaten-negra-Holy-cosmetics.jpg,"in stock","COP 2000.00",491,,,,no,New,
892,"MASCARILLA DE ALOE BEAUTY HOST","La esencia de aloe está enriquecida con moléculas de agua a base de plantas para enmascarar la piel con más nutrientes, aumentar la vitalidad, promover la auto reparación y mantener una humectación duradera, haciendo que la piel se sienta cómoda, suave, hidratada y hermosa.",http://local.holy.com/tienda/mascarilla-aloe-beauty-host/?utm_source=Google%20Shopping&amp;utm_campaign=GOOGLE%20FEED&amp;utm_medium=cpc&amp;utm_term=892,http://local.holy.com/wp-content/uploads/2018/03/mascarilla-beauty-host-aloe-Holy-cosmetics.jpg,"in stock","COP 4000.00",491,,,,no,New,
891,"MASCARILLA CONTROL GRASA BEAUTY HOST","Esta máscara está impregnada de carbón activo utilizando tecnología de partículas que elimina la suciedad de la piel, mejora la opacidad, minimiza los poros y regula el equilibrio humedad-aceite. Está enriquecida con binchotan de calidad e ingredientes para reparar la piel, hidratar, embellecer y mejorar las arrugas dejando la piel limpia y hermosa.",http://local.holy.com/tienda/mascarilla-control-grasa-beauty-host/?utm_source=Google%20Shopping&amp;utm_campaign=GOOGLE%20FEED&amp;utm_medium=cpc&amp;utm_term=891,http://local.holy.com/wp-content/uploads/2018/03/mascarilla-control-grasa-beauty-host-Holy-cosmetics.jpg,"in stock","COP 4000.00",491,,,,no,New,
890,"MASCARILLA DE CARACOL BEAUTY HOST","La esencia de caracol alivia la piel seca, hidrata y aclara la piel opaca, haciéndola más radiante, más joven, más hidratada y energética. Esta máscara penetra profundamente en la capa basal, mejora los acnes y las líneas finas, repara la piel y acelera la absorción de nutrientes, dejando la piel hidratada y renovada.El producto mejora la barrera protectora de la piel, haciéndola más perfecta y bella.",http://local.holy.com/tienda/mascarilla-caracol-beauty-host/?utm_source=Google%20Shopping&amp;utm_campaign=GOOGLE%20FEED&amp;utm_medium=cpc&amp;utm_term=890,http://local.holy.com/wp-content/uploads/2018/03/mascarilla-beauty-host-caracol-Holy-cosmetics.jpg,"in stock","COP 4000.00",491,,,,no,New,
889,"MASCARILLA DE ORO BEAUTY HOST","Esta máscara está enriquecida con lixury polvo de lámina de oro que se funde en la piel, mejora su capacidad de reparación, levanta, aligera las líneas finas, suaviza gradualmente, reafirma, hidrata y repara la piel flácida. El producto purifica profundamente la piel, aclara la pigmentación, mejora e ilumina el áspero y piel cetrina, dejándola clara y brillante.",http://local.holy.com/tienda/mascarilla-oro-beauty-host/?utm_source=Google%20Shopping&amp;utm_campaign=GOOGLE%20FEED&amp;utm_medium=cpc&amp;utm_term=889,http://local.holy.com/wp-content/uploads/2018/03/gold-mask.jpg,"in stock","COP 4000.00",491,,,,no,New,
