ID	SKU	Nombre	Publicado	Visibilidad en el catálogo	Inventario
599		SOMBRAS THE ROYAL PEACH PALETTE	'-1	visible	
603		ILUMINADOR ANASTASIA BEVERLY HILLS	'-1	visible	
616		Lavabrochas Brushes Egg	'-1	visible	
683		POLVOS L'OR?AL	'-1	visible	
703		LABIALES KYLIE VACATION X12	'-1	visible	
726		EXTRACTOR PUNTOS NEGROS	'-1	visible	
762		CORRECTOR DE OJERAS AGE RE	'-1	visible	
107763		AFEITADORA - 2 EN 1	1	visible	
771		DESMAQUILLADOR DE OJOS Y LABIOS	'-1	visible	
63823		AGUA DE HAMAMELIS	1	visible	
776		MASCARILLA DE CELULOSA COMPRIMIDA	'-1	visible	
63817		AGUA DE ROSAS	1	visible	
35326		BASE PRO MATTE FOUNDATION	1	visible	
104134		BASE TRULY MATTE L.A COLORS	1	visible	
104256		BASE TRULY MATTE L.A COLORS - CAFE CLM360	1	visible	
104257		BASE TRULY MATTE L.A COLORS - CAPPUCINO CLM363	1	visible	
104258		BASE TRULY MATTE L.A COLORS - MAHAGANY CLM364	1	visible	
104255		BASE TRULY MATTE L.A COLORS - MEDIUM BEIGE CLM356	1	visible	
104254		BASE TRULY MATTE L.A COLORS - SAND CLM355	1	visible	
104253		BASE TRULY MATTE L.A COLORS - SOFT BEIGE CLM354	1	visible	
35102		AQUARIUM GLITTER	'-1	visible	
35109		SOMBRAS MODERN RENAISSANCE PALETTE	'-1	visible	
35089		BEAUTY BLENDER	1	visible	
104274		BROCHA PARA MASCARILLA ROSA	1	visible	
119129		BROCHAS BASIC ROSE	1	visible	
119028		BROCHAS BASIC WHITE	1	visible	
35120		BROCHAS BH CHIC BH COSMETICS	1	visible	
35161		SET KYLIE VACATION X4	'-1	visible	
35165		PALETA DE CONTOURING HIGHLIGHT & CONTOUR PRO PALETTE	'-1	visible	
35171		MASAJEADOR FACIAL 5 EN 1 - VIEJO	'-1	visible	
118478		BROCHAS BH CRYSTAL QUARTZ BH COSMETICS	1	visible	
102220		BROCHAS BH GRAY BH COSMETICS	1	visible	
35193		PESTA?INA MAYBELLINE VOLUM' EXTREME THE COLOSSAL + DELINEADOR Y POLVO TRANSLUCIDO	'-1	visible	
35244		SOMBRA THE SWEETEST PALETE	'-1	visible	
35248		GLITTER PRIMER	'-1	visible	
35258		BROCHAS CITY COLOR PHOTO CHIC SET 15PCS	'-1	visible	
102001		BROCHAS BH SIGNATURE ROSSE GOLD WHITE	1	visible	
102228		BROCHAS DIAMANTE DORADO	1	visible	
35295		COPPERELLA	'-1	visible	
35310		LABIALES KYLIE BLACK EDITION X11	'-1	visible	
119153		BROCHAS DIAMANTE GLITTER	1	visible	
35347		BASE PRO MATTE FOUNDATION - GLM671	0	visible	
35348		BASE PRO MATTE FOUNDATION - GLM672	0	visible	
35349		BASE PRO MATTE FOUNDATION - GLM673	0	visible	
35350		BASE PRO MATTE FOUNDATION - GLM674	0	visible	
35351		BASE PRO MATTE FOUNDATION - GLM675	0	visible	
35352		BASE PRO MATTE FOUNDATION - GLM676	0	visible	
35353		BASE PRO MATTE FOUNDATION - GLM678	0	visible	
35354		BASE PRO MATTE FOUNDATION - GLM679	0	visible	
35355		BASE PRO MATTE FOUNDATION - GLM680	0	visible	
35824		COMBO AMOR #2	'-1	visible	
35826		COMBO AMOR #3	'-1	visible	
104286		BROCHAS GALAXY PLATINUIM	1	visible	
35937		COMBO PRINCESA	'-1	visible	
35941		COMBO UNICORNIO	'-1	visible	
35943		COMBO DIAMANTE	'-1	visible	
35944		COMBO SIRENA	'-1	visible	
35973		COMBO SIRENA ROSA	'-1	visible	
35978		COMBO #2	'-1	visible	
35979		COMBO #4	'-1	visible	
35980		COMBO ARCOIRIS	'-1	visible	
36022		BROCHAS SIRENA	'-1	visible	
104207		BROCHAS GALAXY ROSA	1	visible	
36036		EXTRACTOR PUNTOS NEGROS 2	'-1	visible	
36051		COMBO FACIAL	'-1	visible	
36054		COMBO SIRENA BAKED	'-1	visible	
71584		BROCHAS MARMOL	1	visible	
119173		BROCHAS ROSAMOR 15 PCS	1	visible	
104123		BROCHAS SECRET ROSE	1	visible	
104152		BROCHAS SIRENA AZUL	1	visible	
35113		BROCHAS SIRENA ORO	1	visible	
36161		EXTRACTOR PUNTOS NEGROS 1	'-1	visible	
36201		COMBO AGUA	'-1	visible	
36203		COMBO CALI	'-1	visible	
36237		COMBO CUIDADO FACIAL	'-1	visible	
36242		COMBO GLITTER	'-1	visible	
36243		COMBO DONA	'-1	visible	
36244		COMBO BAKED	'-1	visible	
104129		BROCHAS SWEETS	1	visible	
36305		COMBO BANANA	'-1	visible	
36311		COMBO FACIAL	'-1	visible	
36312		COMBO BAKED	'-1	visible	
36313		COMBO SIRENA	'-1	visible	
36314		COMBO COSMETICS	'-1	visible	
63726		COMBO OLLA 500 GR	1	visible	
36405		CORRECTOR INSTANT AGE REWIND ERASER TREATMENT - BUFF BEIGE	0	visible	
36406		CORRECTOR INSTANT AGE REWIND ERASER TREATMENT - BUFF	0	visible	
119272		CONTORNO & ILUMINADOR GLAMOUR BAR	1	visible	
36408		CORRECTOR INSTANT AGE REWIND ERASER TREATMENT - CREAMY BEIGE	0	visible	
900		CORRECTOR DE OJERAS AGE RE - Fair	1	visible	
769		CORRECTOR DE OJERAS AGE RE - Honey	1	visible	
36411		CORRECTOR INSTANT AGE REWIND ERASER TREATMENT - HONEY	0	visible	
901		CORRECTOR DE OJERAS AGE RE - Light	1	visible	
899		CORRECTOR DE OJERAS AGE RE - Medium	1	visible	
902		CORRECTOR DE OJERAS AGE RE - Neutralizer	1	visible	
36599		CORRECTOR INSTANT AGE REWIND ERASER DARK CIRCLES MAYBELLINE	1	visible	
36416		CORRECTOR INSTANT AGE REWIND ERASER TREATMENT - TAN	0	visible	
36404		CORRECTOR INSTANT AGE REWIND ERASER TREATMENT	1	visible	
36611		CORRECTOR INSTANT AGE REWIND ERASER DARK CIRCLES MAYBELLINE - BRIGHTENER	0	visible	
36612		CORRECTOR INSTANT AGE REWIND ERASER DARK CIRCLES MAYBELLINE - CARAMEL	0	visible	
36407		CORRECTOR INSTANT AGE REWIND ERASER TREATMENT - CLASSIC IVORY	1	visible	
36409		CORRECTOR INSTANT AGE REWIND ERASER TREATMENT - CREAMY IVORY	1	visible	
36410		CORRECTOR INSTANT AGE REWIND ERASER TREATMENT - CREAMY NATURAL	1	visible	
36412		CORRECTOR INSTANT AGE REWIND ERASER TREATMENT - MEDIUM BEIGE	1	visible	
36413		CORRECTOR INSTANT AGE REWIND ERASER TREATMENT - NUDE	1	visible	
36414		CORRECTOR INSTANT AGE REWIND ERASER TREATMENT - PURE BEIGE	1	visible	
36415		CORRECTOR INSTANT AGE REWIND ERASER TREATMENT - SANDY BEIGE	1	visible	
65725		DEPILADORA FEMENINA REMINGTON	1	visible	
63913		COMBO BEAUTY	'-1	visible	
63917		COMBO CLEANING ROSAS	'-1	visible	
63919		COMBO CONTROL OIL	'-1	visible	
63923		COMBO FACIAL ROSE	'-1	visible	
63928		COMBO LASH	'-1	visible	
63936		COMBO TORNASOL	'-1	visible	
66030		DEPILADORA FEMENINA REMINGTON - ANIMAL PRINT	1	visible	
66031		DEPILADORA FEMENINA REMINGTON - FLORES	1	visible	
774		DESMAQUILLADOR DE OJOS Y LABIOS	1	visible	
35891		ENCRESPADOR	1	visible	
104213		ENCRESPADOR RECARGABLE - CARGADOR PORTATIL	1	visible	
104729		ESPEJO AGUA	1	visible	
64351		ESPEJO LED	1	visible	
64715		PLANCHA REMINGTON PRO-ION ANTIFRIZZ	'-1	visible	
64354		ESPEJO LED - BLANCO	1	visible	
64355		ESPEJO LED - NEGRO	1	visible	
64356		ESPEJO LED - ROSA	1	visible	
63838		EXTRACTOR FACIAL CON SPRAY DE MICRONIZACIÓN	1	visible	
65608		COMBO PILI ROSA	'-1	visible	
65610		COMBO PILI HAMAMELIS	'-1	visible	
65614		COMBO SAUNA	'-1	visible	
65616		COMBO CHIC	'-1	visible	
65619		COMBO LUNA BELLA	'-1	visible	
65621		COMBO BRONCE	'-1	visible	
119412		EXTRACTOR PUNTOS NEGROS	1	visible	
69718		FLAWLESS BROWS - DEPILADOR DE CEJAS PILA	1	visible	
104336		FLAWLESS BROWS - DEPILADOR DE CEJAS RECARGABLE	1	visible	
68628		FLAWLESS LEGS - DEPILADOR DE PIERNA	1	visible	
65439		GEL EXFOLIANTE	1	visible	
67924		COMBO MIRROR	'-1	visible	
103908		HAIR CLIPS	1	visible	
101437		HUMIFICADOR FACIAL- CARGADOR PORTATIL - ROSA	1	visible	
71416		COMBO FLAW	'-1	visible	
71426		COMBO DEPILADOR	'-1	visible	
65989		HYDROGEL	1	visible	
63831		JABON FACIAL PIEL GRASA	1	visible	
75509		COMBO PROLUNA	'-1	visible	
75517		COMBO SIRENA GLITTER	'-1	visible	
75519		COMBO 5 EN 1 PILI	'-1	visible	
75521		COMBO MARMOL	'-1	visible	
75523		COMBO HIELO BELLA	'-1	visible	
75526		COMBO ALOE SAUNA	'-1	visible	
63833		JABON FACIAL PIEL MIXTA O NORMAL	1	visible	
65375		KIT VIAJERO ROSA	1	visible	
35264		LABIAL SOFT MATTE	1	visible	
36111		LABIAL SOFT MATTE - CANNES - MATTE MUTED MAUVE	1	visible	
36112		LABIAL SOFT MATTE - COPENHAGEN - MATTE RICH PLUM	1	visible	
36113		LABIAL SOFT MATTE - PRAGUE - MATTE MERLOT	1	visible	
102234		BROCHAS PIEDRA ROSA	'-1	visible	
36114		LABIAL SOFT MATTE - ROME - MEDIUM NUDE WITH RED UNDERTONE	1	visible	
72391		LAMPARA PARA UÑAS 36W	1	visible	
101594		LAMPARA PARA UÑAS 54W	1	visible	
104287		LAVA BROCHAS EN SECO	1	visible	
119102		LAVA BROCHAS EN SECO HOLY	1	visible	
35123		MAQUINA LAVA BROCHAS	1	visible	
104228		MASAJEADOR DEPILADOR 3 EN 1	1	visible	
36123		MASAJEADOR FACIAL 4 EN 1	1	visible	
35145		MASCARILLA COLAGENO LABIOS	1	visible	
891		MASCARILLA CONTROL GRASA BEAUTY HOST	1	visible	
892		MASCARILLA DE ALOE BEAUTY HOST	1	visible	
890		MASCARILLA DE CARACOL BEAUTY HOST	1	visible	
889		MASCARILLA DE ORO BEAUTY HOST	1	visible	
35155		MASCARILLA PUNTOS NEGROS	1	visible	
35177		OLLA PARA CERA	1	visible	
63866		PERLAS DEPILATORIAS POR 500GR	1	visible	
63721		PESTAÑAS 3D	1	visible	
36262		PESTAÑINA THE COLOSSAL VOLUM'EXPRESS	1	visible	
121786		PINEAPPLE FACE BUBBLE PEELING GEL	1	visible	
119343		"PLANCHA BABYLISS BRAZILIAN TECH 1"""	1	visible	
119347		"PLANCHA BABYLISS BRAZILIAN TECH 1\2"" ANCHO"	1	visible	
119467		PLANCHA BABYLISS PORCELAIN CERAMIC	1	visible	
119476		PLANCHA BABYLISS PORCELAIN CERAMIC ANCHA	1	visible	
119426		PLANCHA BABYLISS SOL GEL CLASICA	1	visible	
119483		PLANCHA BABYLISS TOURMALINE 25MM	1	visible	
119493		PLANCHA BABYLISS TOURMALINE 38MM	1	visible	
119443		PLANCHA BABYLISS-SOL GEL ANCHA	1	visible	
64700		PLANCHA REMINGTON ACEITE DE ARGAN	1	visible	
119331		PLANCHA BABYLISS -SNAP DRAGON	'-1	visible	
64684		PLANCHA REMINGTON AGUACATE CON MACADAMIA	1	visible	
64737		PLANCHA REMINGTON KERATINA Y ARGAN	1	visible	
64705		PLANCHA REMINGTON SALES DE MAR-ALISA SOBRE MOJADO	1	visible	
64741		PLANCHA REMINGTON SAPPHIREPRO-TITANIUM	1	visible	
35292		Polvo Compacto HD Kleancolor	1	visible	
36029		POLVO TRASLUCIDO BANANA	1	visible	
35189		POLVOS L'OR?AL	1	visible	
65995		POMADA PARA CEJAS Y PESTAÑAS CILKA	1	visible	
122723		SOMBRA ANNA	1	visible	
122729		SOMBRA DISCOVER ME	1	visible	
121798		SOMBRA FAIRY TALE	1	visible	
103859		SOMBRA The Lingerie Collection - Wild Nights (Wearables)	1	visible	
121880		SOMBRAS SPLASH OF GLITTERS 2	1	visible	
101968		SOPORTE ORGANIZADOR DE BROCHAS	1	visible	